address,sum_bought,class_bought,txs_bought,sum_sold,class_sold,txs_sold
\x443d1f8a358b8f76df166e7c59afd4cba70073c7,790433.85844814,10K+,229,993295.97128496324,10K+,296
\xf9107317b0ff77ed5b7adea15e50514a3564002b,516919.594612328861652,10K+,497,1802838.091185,10K+,413
\xb08f95dbc639621dbaf48a472ae8fce0f6f56a6e,284415.155020070483,10K+,269,649577.46660570255266,10K+,482
\x58dc53f7175fdd30c70ab5717c6e91edd8aed017,279071.007827076863,10K+,132,338316.312106,10K+,84
\x1d5565705bdd78b9c1742acab729c0ce1cb2a2d4,195777.87419097138,10K+,31,117464.047074,10K+,16
\x1853dc4fbfe3b29012ac6df6ca44b4fca0aa1959,161791.097678,10K+,96,277727.084588,10K+,94
\x8d8890235639aa0715afb141fd2943f19e101e78,132567.539620,10K+,37,133833.92375,10K+,42
\x8cd3bb4fbfdfee013af5ac9c46f0c22746b095af,114572.209861,10K+,117,147191.89080,10K+,133
\x9452244fcd1acd78ed22776e1f8bcdd63bb0b074,103513.06088,10K+,16,46830.13984070445,10K+,9
\x3c1d6deb260a173059e030fa29d053545e7bc821,96900.0002972773383,10K+,21,62669.673,10K+,5
\x51ec15594230ddf21a7ea5a4ac392bb8dbda527e,96116.74269120466,10K+,104,172671.298741802031,10K+,102
\x55f5429343891f0a2b2a8da63a48e82da8d9f2f6,81639.988189,10K+,72,102514.7645217,10K+,28
\x1df428833f2c9fb1ef098754e5d710432450d706,77577.553427803609,10K+,55,44298.04782,10K+,9
\x8ed876fded3699c590be3e12cef56e23376eff3b,70091.759955,10K+,66,62647.97113,10K+,24
\xbc99c4bd93c24db1bf553f2c7f9348be639fe5b6,69328.4948684248,10K+,91,105755.24841,10K+,69
\xcda1a0ecd7d25b49ecbf0eec1f45f0b7fb59961b,65580.41920,10K+,10,150373.743731,10K+,38
\x8f97c9ba31097e5c0f96a492ecfdbf92be5b4126,51922.367508391981,10K+,26,0,0,0
\xca4ad39f872e89ef23eabd5716363fc22513e147,50632.231207,10K+,11,14631.157788,10K+,4
\x9ac41e441131d8bad5f165c2a8dd71e5f7bfaea8,44743.701929,10K+,36,50983.445478,10K+,23
\x7bda037dfdf9cd9ad261d27f489924aebbce71ac,44426.353425,10K+,15,36169.29,10K+,2
\x3bbbcbc1c0b584f61ed746096e7b67c6bc2dac93,42112.758545,10K+,52,45150.16594,10K+,11
\xa38e40797faa6ecbcfa4a64f14c7622d090e8a31,41449.677389,10K+,48,101936.1113803262047,10K+,88
\x963deb9191d6a7dc1fb3891d472aa358b3e4b140,41181.198412,10K+,9,7068.846,2.5K-10K,3
\xe15e365806ed3b2570455782dbec0b450354c233,35358.847900,10K+,27,31621.121237,10K+,30
\xb48d6c33a96f5519c82569b478fcd723b3a94a2a,33419.794513377,10K+,14,57072.17860,10K+,18
\xacf4c2950107ef9b1c37faa1f9a866c8f0da88b9,33291.672799,10K+,21,0,0,0
\xb188daddde4df91fd4cc4aadc5334873099d4b94,32905.76893,10K+,10,665.0523,500-2.5K,1
\x5ad9af22b0b2603d7f9d8b8fcc4d262aa6f5de87,29521.837663,10K+,29,31500.2803,10K+,6
\xe8b0016130a38f26c116576a7b13267c9fb11b59,29028.48950,10K+,5,32471.5205,10K+,10
\x2b03088c22ae484ce873f21251a2e6fd0509ea07,29024.394198,10K+,43,22422.85936,10K+,26
\x2ce1a66f22a2dc6e410d9021d57aeb8d13d6bfef,28444.71833,10K+,26,20964.82617,10K+,8
\xeccc484dd4093f62fc24c4725800013fbc2c1d15,28157.139028,10K+,12,6387.313,2.5K-10K,4
\xb328a96c16dd5598df8ba4570fdfa97b503115c4,27448.076054,10K+,39,39246.05247,10K+,23
\x9885a84930e3c8c865a1d3debdc204f990bab7c3,26766.727168,10K+,35,170113.29465,10K+,93
\xc4a69b137d22b52a36328f3ac6d5aa9984faab8e,25759.8040309,10K+,17,15183.7210,10K+,10
\x094e4b82a5722271546cca99c8c351bd840669ae,23972.009027,10K+,42,85807.713881,10K+,124
\xe74acf3b57d092db0e2f71f0435bab6ed95c3a72,23548.501983,10K+,34,21818.901729,10K+,23
\xd2f91edd7dd5388737552d18d99555313dcd78e0,23111.97520,10K+,6,8084.74,2.5K-10K,1
\xd9ec1e5dc096e92581ce073053fe422614904714,21493.1029,10K+,7,13992.151334,10K+,15
\x1754352eacb753327fec2d4f48f0fb36b672c5e0,21398.88233599334,10K+,8,0,0,0
\xbd19a3f0a9cace18513a1e2863d648d13975cb30,20956.513279,10K+,14,0,0,0
\x1e39cc29009ed4760c186d8771295c1e224882d4,20918.72058,10K+,17,100.8328,>500,1
\x682668912cb71471b87733e95a6d51af2d3b1da8,20639.1222539899304,10K+,24,14412.060920,10K+,12
\x72b2cb558bf17f9e5aa40754a4e26ec480c07554,20599.446286,10K+,22,9679.398385,2.5K-10K,10
\x7452e7d530078dbd6a2ed65007bea00a4d60f138,20594.248516,10K+,52,120183.2177271,10K+,172
\x7f51c8447ee363d7be2705163cc81f524685a008,20103.384989,10K+,27,189030.6482289,10K+,258
\x0da9cad19070e287498fe72c3c9ed657db79de1d,19005.151376,10K+,26,37796.066999,10K+,15
\xee620a0991d57f464aad452789a4564ba51245e8,18521.75239689302,10K+,25,41587.27640,10K+,20
\x8d470921050899284b451d6a65f4204eee4aaf8f,18149.679748,10K+,5,20389.719027,10K+,14
\x8d0172e88bd400884708318bac77bc69f76ae082,17230.86337609064,10K+,18,10627.33718,10K+,10
\x83b1ef2e373e58f4671f5756c74e8142dbfbbbe1,17140.356480,10K+,25,16.5475,>500,1
\x08a2615cf81852d6e31b6eeb7c3d3b613be8ab99,16499.600518,10K+,6,13413.15479,10K+,3
\x48b211039586619b04cfb3b040cdd12165e3a9cf,15951.920724,10K+,17,4101.0999,2.5K-10K,4
\xe742238845698542cb54a760328c99bcc20e6154,15935.612835,10K+,21,1208.9897,500-2.5K,4
\x8e1f868ebb90749dc6fce7e9f0e147fff59125d5,15505.74598,10K+,6,13490.8511,10K+,5
\xc136fcfb1667e5e882b94941efa104447f248560,14276.59767976951,10K+,12,8172.31447,2.5K-10K,12
\x48c3932347586d9354553c3a4ee76858e34d0cac,14209.667181,10K+,26,25464.12272,10K+,13
\x38a7d735aca3c939f189a92f41cc1f34da2907d5,13722.990300923565,10K+,17,689.9564,500-2.5K,2
\x391985fdf0f28de092027d52763621221684cadf,13524.204946,10K+,15,79190.78223,10K+,37
\x58d4f668f37ca6d3667d0a4ebbacc3f29d4b3bef,13464.493438,10K+,12,33239.2557,10K+,5
\xb7562f12e41c762cecda99d62bd6eac7b0c3b4c1,13379.00862343,10K+,51,13161.23139,10K+,4
\xbd1f7d88c76a86c60d41bddd4819fae404e7151e,12399.49670,10K+,17,1117.17633,500-2.5K,6
\x896002e29fe4cda28a3ae139b0bf7bac26b33a8c,12309.138845,10K+,9,383.852058,>500,2
\x92a4f58009df9eac5f2af6d05977683639f0060e,11931.819416,10K+,19,6922.2936,2.5K-10K,3
\x83c9440dc34da00c47a0d4dc2b598d7bdb1b53f7,11431.75189411904257,10K+,158,5709.468234,2.5K-10K,67
\x85162b355eee83ed8d29c3cada25b80ca86e80d1,11416.11347,10K+,13,6456.1638,2.5K-10K,2
\x6b545f95840093eee6c26c766b33822e1ec9de7a,11317.6718,10K+,2,12451.1556,10K+,2
\x501783e585936116220b5028c4c22dc9fdb991bc,11055.40824,10K+,5,49354.045814,10K+,31
\x968a0e5603c5d4dbf24cbd7df562921d158ad19c,10511.03454353,10K+,91,33152.87578,10K+,8
\x341d2d099d0ad1986ce5e549a1a15631163877d6,10258.12880,10K+,4,23295.69681,10K+,12
\x906c9dba4db793d84b535c3712b79da63368ed3c,9974.38563,2.5K-10K,4,18814.0812,10K+,3
\xb2f456886367c8e50566377ec6d9293d4da5bb81,9835.346033,2.5K-10K,45,37470.935793,10K+,66
\x398738f63ad44302c5c4e718bdab6c1da2a11cf1,9781.0065,2.5K-10K,8,15575.64488844962,10K+,10
\x0c387030a5d3acdcde1a8ddaf26df31bbc1ce763,9416.690944,2.5K-10K,9,9605.87419,2.5K-10K,16
\x3e86eac93a2dbb4faeb8709d77d451aeda710ef9,9249.980422,2.5K-10K,7,6.2583,>500,1
\xd5a191afe4c240f2ed31049aacaf5eba4112e041,9067.485524,2.5K-10K,5,605.86564,500-2.5K,2
\xb24156b92244c1541f916511e879e60710e30b84,8908.738381,2.5K-10K,4,12497.0450,10K+,4
\x2cc5a915d693dd97b0fb01d11a4cccb077fd8102,8880.206407,2.5K-10K,2,1870.8336,500-2.5K,1
\xa54a24f7aa6538ec46c8cc5ee9aed158c0624ec1,8828.8295243,2.5K-10K,24,1869.2874,500-2.5K,4
\x0fa699182dfa78f1a22f8abd4c93923dce5d653a,8655.224263,2.5K-10K,17,19335.027294,10K+,21
\x0e2b29408e475567eef4d0e729915f2a38521844,8538.728193,2.5K-10K,8,11662.04878,10K+,6
\x6a6a45d79c15710aed629cf2e76c1c8f5d3c45a1,8430.852,2.5K-10K,1,21549.66,10K+,1
\x6ae68bec21aec25fde2c910b1ce6c40553eb8cd5,8335.30000,2.5K-10K,11,10988.67765,10K+,15
\xe8f4e1afebfb4e88a0695ccc3259bbe52110a27a,8099.504182,2.5K-10K,5,21493.3717,10K+,9
\xeba06532a72bec44a1d33130aaa7c45c31e502f6,8077.373892,2.5K-10K,9,13714.84,10K+,1
\x533a0ea2994fe49df6886f493231dcd161108e51,7917.404477,2.5K-10K,22,27387.742586,10K+,60
\x76d2ddce6b781e66c4b184c82fbf4f94346cfb0d,7911.4832,2.5K-10K,2,0,0,0
\xc7cb1dd7b1aaade4a75b69e472c3d8314af4ea4c,7804.481079193125,2.5K-10K,13,16425.645,10K+,10
\xd135550c6ecee8d9e2953e498a570c2d5c278d82,7782.0969,2.5K-10K,1,0,0,0
\x9eed555a7b54471a0808cec8d176980323674bc8,7719.04335864776,2.5K-10K,40,15523.21162299968,10K+,26
\xa96cbc4c3651b25aebf9ec28d478781bc366bac7,7571.599204,2.5K-10K,29,0,0,0
\x3b35cd0f2baa0f59084649d68155e93f438fe32f,7569.277025,2.5K-10K,7,2963.65216,2.5K-10K,7
\xb35e71b6a5aebb07dfc3aa705968411ebdbc003f,7192.023368,2.5K-10K,15,79194.3331,10K+,15
\xd8de315eb7a00f4155d1ea9eb4eb6888ae715631,6923.306617,2.5K-10K,18,9618.445914,2.5K-10K,12
\x4d246e41d7131ff60cd533c13bd2aafce7ab1265,6816.27797,2.5K-10K,6,9253.19800,2.5K-10K,8
\xd61daebc28274d1feaaf51f11179cd264e4105fb,6754.3807991285326,2.5K-10K,47,35451.381946,10K+,21
\x750e0cbae6e9e06dd7f4592db49ba4cdb462f7f0,6703.554742,2.5K-10K,17,31466.86775,10K+,12
\x51448923d8a215a5a8cd872a51f22c2f5c43b444,6611.281745,2.5K-10K,28,42583.1456,10K+,4
\x4a3e6e66f8c32bc05a50879f872b1177a1573cdf,6522.041010,2.5K-10K,16,965.73,500-2.5K,1
\x01b7baa7baa864fef3cd1c7bc118cc97cedcb33f,6495.96332,2.5K-10K,6,5375.865,2.5K-10K,1
\x540cb04ebab67e05a620b97bb367ac5e4ed68f09,6492.83945,2.5K-10K,3,22818.33619468,10K+,19
\x5a45fa1d4ffc1428dc50f9df6fd1643f1012a39d,6245.25934,2.5K-10K,15,21768.96161,10K+,45
\xf4844a06d4f995c4c03195afcb5aa59dcbb5b4fc,6234.404247122307,2.5K-10K,6,0,0,0
\x70fcc69a34922364f79b244a7ba03f1f87b28bca,6222.34885,2.5K-10K,18,0,0,0
\x63bf83c11c50627f44119336a3c2f616b7c65228,5851.483367,2.5K-10K,17,0,0,0
\xa2f1356191ca07dcc50c03465bcec0ec25089501,5782.83226,2.5K-10K,8,10425.96234,10K+,6
\x477c2087f3d6e49b1be5c790a33b3a025a4fa569,5780.92295,2.5K-10K,11,6082.45684,2.5K-10K,4
\xe6321346078f6500c599786f20713c5aa8b22867,5765.44070,2.5K-10K,9,11055.1928,10K+,6
\xc433aad58c7af965a5ce7a3647286e46d333812b,5660.100815,2.5K-10K,27,4972.01616,2.5K-10K,5
\x42ca45b785d87b8375dff176555c745b27d69da5,5530.095994,2.5K-10K,3,10616.0908,10K+,7
\x0bebe2165de412e7925ab8352e36f3b0493dd3b9,5487.551292070711,2.5K-10K,9,0,0,0
\xc2b66053c5871c4512c7733bac07520acc694e8f,5467.072108,2.5K-10K,15,36302.218599,10K+,69
\x5d8b04e983a2f83174530a3574e89f42e5ee066e,5329.57905,2.5K-10K,15,1594.782,500-2.5K,3
\x289c44ab3f461127af1f04fc80f8b54fc3ff7316,5242.46413,2.5K-10K,9,7784.244,2.5K-10K,4
\xf998c7c1af3c58efa6900b13469fc187b9db0cab,5170.102151,2.5K-10K,26,10588.824130,10K+,38
\xdb5d099a6d2f2bc090fcd258cc564861d552c387,5111.241895,2.5K-10K,12,80119.3969972,10K+,62
\x6545a8cb2d809f8488e89480df5055fb176aa318,4954.607347,2.5K-10K,9,8017.80999,2.5K-10K,11
\xa181a3c3460ad5a2650f380352e3e68111e3d60e,4905.23270,2.5K-10K,22,12927.16592,10K+,35
\x315e1a5c796b734585c27e615b774441372fbd08,4746.367107,2.5K-10K,9,9207.6083,2.5K-10K,5
\x5dac9ccc215b9af65b486066786f79d9aa0043da,4722.279715,2.5K-10K,10,3906.9194,2.5K-10K,2
\x5f855b107afaadf722cf9611b82167a272b4acb0,4705.26069,2.5K-10K,6,26964.031,10K+,3
\xafdfa849e4d2fb2817fb14d2b60201c333758556,4576.745763,2.5K-10K,16,57625.030058,10K+,14
\xf3bfaceedb442e170f896d96e16ed01354c022bb,4551.75108,2.5K-10K,4,2829.56611,2.5K-10K,5
\x78c0a25ccc21604b3d117100de7c9523f53236c7,4384.735698,2.5K-10K,13,8143.0715,2.5K-10K,2
\x73165a7bf621f466c63f6a0c8f08e969772c2a6d,4375.326569,2.5K-10K,10,16953.934752,10K+,33
\xaa1ad4784c1f3099447d85e97aa551614bcf601c,4366.730531,2.5K-10K,32,61641.339567,10K+,127
\x9ddc726fce55a7d6c2a985a7944eab88ae343f50,4353.663598,2.5K-10K,3,8521.97716,2.5K-10K,4
\xc10898eda672fdfc4ac0228bb1da9b2bf54c768f,4239.00716,2.5K-10K,3,7078.5832,2.5K-10K,2
\xf0f6d9cec36a45e084f7c6c92fcf3393487ece8d,4238.21568,2.5K-10K,8,15936.794154,10K+,14
\x2802907ab681298d35ce2eaf2415550137c40c8a,4125.98005,2.5K-10K,8,6657.73924,2.5K-10K,22
\xe53085d26544daf3ba8f66b2d1b108e285cc51f9,4100.278890,2.5K-10K,21,0.342015,>500,1
\xac0cc4d76827cc8da164312bc7adf00e4a9ed42f,4097.15630,2.5K-10K,7,9412.783274,2.5K-10K,9
\x84e3e0f568ed68b4f6827fe797444b3d5b1fd8b5,3954.601586,2.5K-10K,11,7306.27355,2.5K-10K,10
\x16bc93428d68b05158c5f80fee4234b6f0a1a336,3715.8511,2.5K-10K,3,33775.966015,10K+,23
\x2be21ec97c340301e903f65f66901a23c48f4873,3624.42864,2.5K-10K,5,95.9928,>500,1
\x38a48b784dbe0a5a784f971eda83a9550ddf8300,3601.138403,2.5K-10K,2,165.7872,>500,1
\xa1457afa30b8e396cde5bac320ed7c8e7b521bc8,3584.63833,2.5K-10K,13,4291.48228,2.5K-10K,3
\x48a9789428f2067338d02b1ef3612df64f05feb7,3483.108086,2.5K-10K,5,3143.540625,2.5K-10K,3
\x01623c98f9651095d600f2ecb45dfa1072fc9589,3449.3386,2.5K-10K,2,6736.950076,2.5K-10K,2
\x2ede0ccebfb3bf307dafc57ff700183391620a69,3446.95663,2.5K-10K,6,6926.9634,2.5K-10K,5
\xfb25dd458aa0b6f8b842dec26b84e9d479b47efb,3339.87762008539,2.5K-10K,3,17281.0217,10K+,3
\x7721f140c2968d5c639a9b40a1e6ca48a9b7c41d,3240.73526,2.5K-10K,13,8607.7610,2.5K-10K,7
\x207053a23d86fe3697dc073461f293894a931a72,3210.970058,2.5K-10K,10,72243.440357,10K+,147
\x4df5eab795e7ecb93d81aea7ccddcee13211e99b,3207.84347,2.5K-10K,11,0,0,0
\x8b104344f397afc33ee55c743a0fbd7d956201cd,3178.908842774996873,2.5K-10K,126,80232.979770,10K+,15
\x46fdc9bc2d30f545f1e13feeb85183584a36de4d,3120.907512,2.5K-10K,5,0,0,0
\xb5c1213ee9ddf312c98f6e94caf5c421c86abff3,3080.897185,2.5K-10K,3,28488.454643,10K+,46
\x0f8361ef329b43fa48ac66a7cd8f619c517274f1,3055.65623,2.5K-10K,12,13349.9931,10K+,6
\xafb6336f84adfec7bbf0de95797b608d4815733e,3039.757305,2.5K-10K,14,2911.799,2.5K-10K,3
\xbd0ef14bc1af4f728d4e009ec8fe619f20b7c3b4,2970.41,2.5K-10K,1,0,0,0
\x4e4ba1179403e5927908eaeb829303c7835e7a91,2921.25095,2.5K-10K,5,2039.61949,500-2.5K,6
\xbac79de245633fcc4fb32c19bc0ac93f406c9950,2814.877476,2.5K-10K,8,9425.030432,2.5K-10K,11
\x51b3dd026e3837352d7a0efb431c62c1862d0d4d,2809.622304,2.5K-10K,10,846.033,500-2.5K,1
\x2c17c733cefc0e618850b546d9df53cdbfa29725,2631.0996858,2.5K-10K,10,34133.665754,10K+,54
\xec891eda8071654be1269d479199101fffe64016,2620.559893,2.5K-10K,2,144.55338,>500,1
\x4ecbaa7d2f86f2d78c04f49986ec2c57938752a6,2552.2896,2.5K-10K,2,0,0,0
\x2fe59a3d4379a127adb934bcb9fcccf2c770eb97,2511.807412,2.5K-10K,17,14347.29037448743,10K+,22
\x768c26e52234a0efdf77a033549fc074a6ff1663,2506.9655,2.5K-10K,1,60636.455684,10K+,60
\xc2332295cfbcd03531a77b00a019f39335ab8d43,2492.618125,500-2.5K,5,3235.195986,2.5K-10K,10
\xa3bb988e1b551df71c1e785415acb5d02043f934,2466.54695,500-2.5K,5,0,0,0
\xbfee73e88b4257c6a13854c746f32a29fcb9efd5,2464.624538,500-2.5K,11,2307.77939,500-2.5K,5
\xac18554be093f4cc4d86ec996fc5ffa8ea14ab27,2449.148846,500-2.5K,6,16761.26480,10K+,8
\x1334fdd8ae0694168785aca024768f1d99b65ff9,2422.625913048931,500-2.5K,7,1271.8011,500-2.5K,1
\xbd519e8de5ba2e5236339866504dfc92be77e233,2387.0932,500-2.5K,3,9308.9379,2.5K-10K,5
\x6bdb3b7286210f06234f29885a721b9d4ba5d28d,2342.380257,500-2.5K,11,0,0,0
\x7afc7f83b1ea7b96c480c3a70d7313ad5c89bca7,2341.44323,500-2.5K,4,0,0,0
\x0a771437ee59dcd30429dda71a1a011db8957bd1,2312.909058,500-2.5K,11,956.00366,500-2.5K,5
\xc78444fdffc4010fb84be2a6a4d1626f7c195f6d,2202.530358,500-2.5K,4,985.0476,500-2.5K,2
\xa3b0d8a6227fd2a493cc8306ce3e1e1335342433,2141.34079,500-2.5K,6,2735.44402,2.5K-10K,5
\x08896945c5bd65cc8c216e7efd6969b9cc306ed5,2072.53447,500-2.5K,4,0,0,0
\x24ca879e3f09e21cb3fe349e4faf56a8ff35779a,2040.79154,500-2.5K,4,841.63807,500-2.5K,2
\xafba1acc74aa89d638612e57aa4a9c60cae7c1c8,2024.263632,500-2.5K,3,0,0,0
\x5241aa99a776866296d1d695c02bb2e31b3ff998,2006.953050,500-2.5K,7,1300.302676,500-2.5K,2
\x6a61857928149cb7cd2ad29251902787bcf9c3b0,1978.44714,500-2.5K,6,7427.507737,2.5K-10K,23
\xb64fc4d9205c9b27b220bd8aea760eee9d8e36b5,1946.07535,500-2.5K,9,10700.438053,10K+,18
\x9a8dad4b5025bef44a5622a850f1e946b58c5cc7,1897.25684,500-2.5K,3,4093.6501,2.5K-10K,3
\xb8832d516d0f3094b4bdc5400e36a2a6984233ea,1844.972758,500-2.5K,6,2645.22165,2.5K-10K,5
\x1ba1ff69f03d38af7ef40e3afdc53ad073eb4642,1840.5107,500-2.5K,2,5356.55100,2.5K-10K,4
\xc02cae8f6217648fa2bfbd08c2be94028969a65d,1835.811521,500-2.5K,6,16890.7548,10K+,10
\x4f27ee7ad5ef8d881f62511a36a245e99eaed800,1827.59323,500-2.5K,4,28728.902820,10K+,18
\xc013122ef9df0e92c7654878908c47f63a77c247,1822.5890,500-2.5K,3,4951.690544,2.5K-10K,2
\x6facf564dbafcaf142cce4fbea8fca108bb42408,1731.53456,500-2.5K,8,4282.06256,2.5K-10K,3
\x0bd812cf2073d7c1371a974245a135503410766e,1726.03576,500-2.5K,4,19656.5391,10K+,12
\xdc6657a6e3ee8ec7004dadd99a7a030b975556f8,1641.702789941224,500-2.5K,3,0,0,0
\x88888888630a14a066db7943708032e8fa37a75a,1631.4071,500-2.5K,2,1615.027788,500-2.5K,1
\xd8c19b45061b8fc74136c06ee5cb464e6aa7cbba,1626.3195,500-2.5K,2,309.9496,>500,1
\x20580139460ed4c3cc7af00beaea9cbcd6fc7f8e,1616.16385,500-2.5K,3,1907.91968,500-2.5K,3
\xe1f21ad5246a5b484c4925b26fa9cc77e4b99cda,1614.126327,500-2.5K,4,3841.957458,2.5K-10K,3
\x898364d971b4827a91de2702b88d7930e0574a38,1601.5098,500-2.5K,2,6299.46168,2.5K-10K,3
\x759320ecd4146a597ab703427b9936f34f741938,1600.31983,500-2.5K,6,0,0,0
\x3a920ddbc41181846785ae9ee89929ffd26deeae,1587.56555,500-2.5K,7,578.55636,500-2.5K,2
\xf8e7ced72ed5a1f289c068e6990931e3e6354b71,1581.95061,500-2.5K,2,1881.90386,500-2.5K,7
\x9fa7fd8d9170f0dda389922e6c956800d5149924,1569.5263,500-2.5K,2,0,0,0
\x2eb9a256e6b802a2cfc38b485e0b301214f29293,1519.06045,500-2.5K,5,31097.910505,10K+,34
\x3ecfba75d5a113241ec899888319a9e1e456ee9a,1512.16725,500-2.5K,3,6942.104196,2.5K-10K,11
\x931e76877118c84f1d904295971ce383ecfed5f4,1495.9581,500-2.5K,2,7555.16082648505,2.5K-10K,14
\xb7ca8db84717c98dcf59be2b3a612e75ef5d54b0,1478.0610,500-2.5K,4,13905.148161,10K+,29
\x12fe20de6b441f18ba9a3c9a7a78c9bd16723e8d,1466.77956,500-2.5K,3,2322.182980,500-2.5K,8
\x6ad093bd6c0813fa2ecd4346d9dee5e3f7c44802,1459.3437,500-2.5K,5,0,0,0
\x9dd2fff980a96934ca022f4fca2b6c2652bbbc4d,1423.052764,500-2.5K,3,0,0,0
\x13445a6e17f1e6cf4e0f7632a864828171721791,1393.7952,500-2.5K,2,0,0,0
\xb4649484e2e3c4f1b689f9df327c2248b8203eb4,1388.1423,500-2.5K,5,552.242,500-2.5K,1
\xaca4ab44dcd2ec6982bb5238bf1daf268c159699,1385.9222,500-2.5K,4,0,0,0
\xcdf91269d4e4bba12f8f3c82be7a13e4a1d4b3bb,1380.0434,500-2.5K,6,2740.499443150795,2.5K-10K,10
\x294388d7f62065784666f797ca6919a4b8cef4ab,1369.2022,500-2.5K,2,1300.47245,500-2.5K,1
\x478849da9c519ded12d04ec6e896af6adf3cdd73,1355.76244,500-2.5K,1,0,0,0
\x3449482f78d52968f85183160b47e61d9c4fe4e8,1344.68395,500-2.5K,4,10022.310031,10K+,19
\xc208934e867dfcdc10e5ab58b631d2c3185edbc9,1299.325111,500-2.5K,4,589.25001,500-2.5K,2
\xbe39fe921d056769ef3657ec9003d235bf5c381f,1287.91553,500-2.5K,2,2193.373471,500-2.5K,5
\x175256f85a43d02a252c3e2b953fa8efdff9972b,1279.90253,500-2.5K,6,0,0,0
\x5db63f987817910bbb9656b5210990408d3831fb,1265.1373,500-2.5K,2,735.40423,500-2.5K,5
\x1bf555e99b9056e75f5752ebf6593c4929bf5d50,1234.013495,500-2.5K,8,2363.9539,500-2.5K,5
\x910c60c049d833a7fd2f5bda310bbea1c5fa3598,1221.45889,500-2.5K,5,21962.08785,10K+,23
\x0dbb0cff7c9515fc56d352ee37aeeefdf43b25fe,1098.277856,500-2.5K,3,0,0,0
\x3c7676976600c90c8d106786d84bda4369f872a8,1052.2124757927395,500-2.5K,4,0,0,0
\xf16dd2cb327ed8fb5a76de9788dd2fbe8a99d43c,1051.3631,500-2.5K,7,0,0,0
\x5ebe6914e5457ab8e16457cdb4277254ba6fc122,1017.37,500-2.5K,2,0,0,0
\xdff4e623cca25e674edb0a1f263fcf5aa458acf8,968.313,500-2.5K,1,0,0,0
\xdf92929fbb271a5dbb5eccc8cf84ea5448077d02,960.72496,500-2.5K,4,5339.92619,2.5K-10K,3
\x955ffed16112ab04b087c4ee174da850aca03fa7,933.17863,500-2.5K,1,2724.21359,2.5K-10K,2
\x980e2bf8368b26e070d12438c3ce9ab8cac60c65,881.86734,500-2.5K,4,3088.0718,2.5K-10K,2
\x75ba5ee883c2ede43282bde16e38d6ca8edccdf3,879.79252,500-2.5K,1,2490.875304,500-2.5K,2
\x50bbd57946008365c94b7a810ee5c91b7cdf5ed1,875.40156,500-2.5K,3,43301.312464,10K+,34
\x506ade0a94949db63047346d3796a01c09384198,860.70079,500-2.5K,3,12794.39657,10K+,5
\xa8ce8d12aa7884707b2113606d67f6df26b63196,840.08099,500-2.5K,5,1642.77615,500-2.5K,12
\x7824d7ae24ee595750e970afe61123573ad3ad27,839.184522,500-2.5K,1,5355.113002,2.5K-10K,7
\xbce6053b60c5913f4190c95f629f473be0e379aa,827.95245,500-2.5K,1,588.43981,500-2.5K,2
\xc065f5d649cdbe291f67d282b31e49eefa17ef11,825.596763,500-2.5K,4,14246.429212,10K+,15
\xcd5561b1be55c1fa4bba4749919a03219497b6ef,813.88529,500-2.5K,4,6032.91067,2.5K-10K,7
\xeca43946dbeeecf791cb8ff330f2d0c415934184,807.6688898096912,500-2.5K,6,1526.38172,500-2.5K,2
\x952c23f8f067a5e7e165ff0e42491f51d87dbc95,806.3989636376,500-2.5K,3,10581.844351,10K+,14
\x520fe46a22aa0420ecb6ae10d2324da6ab41a89b,803.83,500-2.5K,1,1327.4518,500-2.5K,1
\x576eb27cbf54518d3de5a38ea7746ef6a9b8b5e6,795.949339,500-2.5K,2,368.7068,>500,1
\x7abbbf772e03c789f0fb03e465ad8a5b462d0bcb,783.999712,500-2.5K,4,0,0,0
\x3ec44a823e07555b5f889d8d954eec736eb5865b,782.674742,500-2.5K,8,1098.2105337963148,500-2.5K,13
\x014607f2d6477badd9d74bf2c5d6356e29a9b957,774.143123,500-2.5K,4,1340.12835,500-2.5K,3
\x9eb22561e56c9c700a990d6ae3c6245b9555804c,749.0332,500-2.5K,1,0,0,0
\xaa6c7b556449e1d5a75b6322a256180edd1c8edc,738.981396,500-2.5K,4,549.999103,500-2.5K,2
\xe7cf8fce5e83e07e56e2ebfeb7651f459c47217b,734.45904,500-2.5K,2,734.81568,500-2.5K,2
\xaa634afa9e085f64c100979d8fc40545e644352b,730.087624,500-2.5K,3,0,0,0
\xc897f9b0b27cb4254e75e6763881f7ef70476032,726.4034,500-2.5K,3,950.007,500-2.5K,2
\x780f3308b5eeef72135f2843a90fe64cc0698fbb,702.21985,500-2.5K,6,0,0,0
\xde46215e67d35972f4c880d59969dd08a4c9fa28,690.80443,500-2.5K,4,868.938197,500-2.5K,2
\x5b84cfb2660d510674a8b6ccd01659d2521fd5c1,661.8825,500-2.5K,1,2157.47545,500-2.5K,3
\x8bea8c2f05917b493e1d1747cafff272f9545ea5,658.3875,500-2.5K,1,1301.427,500-2.5K,2
\x86ce032489383ec0564bad2ed868048f0b1030f2,656.32699,500-2.5K,4,4028.798346,2.5K-10K,16
\xa2277f4ae7e6380de426fa334b05d4ceb39f1d47,655.6871,500-2.5K,1,0,0,0
\x6798a4be28e12b6346466f60f7e94c9becbf8fe2,652.953,500-2.5K,1,2593.52670,2.5K-10K,4
\x1da5407a15e082e5f538e1c9f1bf3dcf812d1e15,651.4425,500-2.5K,1,2817.56658,2.5K-10K,4
\x925c8c407f1a3d988a06a45015256e49831a081b,648.474,500-2.5K,1,1150.3024,500-2.5K,1
\x1ded3c31ec30a1c651c7d1eca0f7db3ad76d15ef,648.474,500-2.5K,1,3994.960385,2.5K-10K,5
\x5801db6d8ab5bed09ce1a5be5ce1f3343418b4c3,640.6288,500-2.5K,2,0,0,0
\xb10a6500f4148e16e6bc05a5ea3089fd3d57f157,621.47952,500-2.5K,1,7039.699949410745,2.5K-10K,10
\x8a17ee3fa5107df11bc569482f112b8461c5fef6,616.3319,500-2.5K,1,5295.74367,2.5K-10K,11
\x9d0282c49f309550691dd9d230613815f8245671,615.68496,500-2.5K,1,2617.23409,2.5K-10K,3
\xf83abc519e046c5391d219fabf1a3c87dd5924d3,595.632889,500-2.5K,5,1719.464644,500-2.5K,9
\xfaf6bb8f1a300130fb9dc582dc8363a50841882d,583.270040,500-2.5K,6,34566.657599,10K+,42
\xa2e7002e0ffc42e4228292d67c13a81fdd191870,581.574599,500-2.5K,3,840.88281,500-2.5K,3
\xace32e36e3f0ebf08c793bcf390e42831c5dd449,576.6066,500-2.5K,2,4910.990407,2.5K-10K,15
\xd6f1875bc1b9d0e8bcec7da22a22bdb359082ae7,570.1236,500-2.5K,1,0,0,0
\x25ad2667b19e866109c1a93102b816730a6aec3f,561.642609,500-2.5K,5,572.72334,500-2.5K,2
\x83a448b04de68244c5d888fbbc0fdbccfa220627,545.99021,500-2.5K,4,1364.552,500-2.5K,1
\x14987ba7b4dfdadbde5c4b43089e0c47110cbd97,537.89805,500-2.5K,1,2445.37831,500-2.5K,3
\x5c182c4089770d1d1cf4a2f9adab651ca833b0f7,536.9385,500-2.5K,1,0,0,0
\xe8cd4cb68dd4c79d118368f36d8564f3134c180d,534.037427,500-2.5K,3,10774.0357,10K+,6
\x53e262aa44d9fd193be60ab035c41f97ef4eea2a,527.7402,500-2.5K,1,46580.07695,10K+,15
\x57d82ad14ca9d2d01a9b4842fd87cae48c2274fc,521.5351,500-2.5K,2,2782.6918,2.5K-10K,1
\x1f4dc26f26262fe6431c6ff1bd304affdf600289,519.853016,500-2.5K,5,29524.603505,10K+,69
\x45f233399c7e79b459722053cf96cbe7155b206a,512.289792,500-2.5K,2,0,0,0
\xbcf224cb3771bb32b7a9d49d573375ffa5e29b9d,495.24072,>500,5,768.99832,500-2.5K,4
\x40930039d6c3e8c322e58e6d289245bfa826bfe4,495.15,>500,1,2688.742469,2.5K-10K,6
\x8b88581440bdbfacbbdec0a9e00afa31d31f7656,493.242,>500,1,2858.14648,2.5K-10K,6
\x386465da26f3a6cc68c4c5e95fe37422e1df5afd,489.481468,>500,2,1723.7888,500-2.5K,4
\x53d8adae895d92c4e5a190356a2eae74a75ef774,480.486690,>500,2,28647.844212,10K+,46
\xe784226260d2e0081a9d55cde9384f6f3d8caa99,476.592072,>500,1,434.095,>500,1
\x3347fee5910775b1c4b164d411dc517d7499a68a,451.676,>500,4,8308.90946,2.5K-10K,8
\x013e0a9ac418ca71de2b3b8ae7b67fbd13f2ab4a,443.647,>500,1,0,0,0
\x708621fea6a3e127f775886f4fcc5a7edc6cc736,439.86706,>500,4,307.3789,>500,2
\x22661085082c30ccc826117547f134563cd1ce69,435.5778,>500,2,0,0,0
\x3a07527532785e508587fc1a69394d5cb8c32a2b,430.6258,>500,2,3663.63087,2.5K-10K,21
\x2fc3fd7c06adfc48736122ea33820038cc16dcdb,428.797,>500,1,0,0,0
\xda4c79ccfdcbfa9128b1e328f77e5f9c6ad72a44,422.8588,>500,5,3709.90835,2.5K-10K,3
\x0b335956386168deb1b18b860ef8aab99ad60c28,420.254835,>500,1,0,0,0
\xee836251ee934c3126ac5d9bb29ae9177a6a12e6,418.06569,>500,1,0,0,0
\x9acb177c307fb6df4518f50ea763e988fd30952a,416.48796,>500,1,0,0,0
\xce5ec10bc6ffff3791df0bbec3de2e697fc2ea56,408.93094,>500,3,668.5097,500-2.5K,1
\x177821cbe97b3eb0a20de1fd534bc7160cbcd76e,403.57547,>500,3,9212.2714,2.5K-10K,6
\xb355df7a527f215f51af23396c69094955840e2c,392.68955,>500,2,912.64649,500-2.5K,2
\xef6103de90208f3dface661eadb120cf8075f9d2,392.298,>500,1,0,0,0
\x09d8270a1de38b53df1f47dec27f377ce145115c,376.60690,>500,6,0,0,0
\xf70750a018be5e5279ebc59ae3fecef5e47ce4fd,362.894,>500,1,4339.055059,2.5K-10K,6
\x65331fa9893357a3c0459eabb7866babd69c376f,361.850895,>500,2,2700.569108,2.5K-10K,3
\xac6e453b964714200f353d2b435df5bfd2393d71,359.381050,>500,5,5550.45,2.5K-10K,1
\x45e2feb81bd6630c3b136e489674c8b61170eb22,350.526435,>500,2,3188.16,2.5K-10K,1
\x1be6eb4b0b216e10fb5a2ea72f792ddb0cc70df5,350.31045,>500,2,4971.2697,2.5K-10K,3
\x8c302250f1f5f4a933b7a62b52e998b0a40c3917,343.838,>500,2,0,0,0
\x59c9d046d43b28816393825a3688d93b82bdd625,338.4132,>500,1,0,0,0
\x35bf253f60217abf339e9a01e74bd3eefd683ee5,336.1728,>500,1,0,0,0
\x23ffe77c28e2a3300d90568ff46a9863e33bc2bc,333.012956,>500,3,3935.9756,2.5K-10K,4
\x1e38f714ae87a73bc6e8c18b148841255ab81a3d,329.52752,>500,2,0,0,0
\xab60ec1a43c5fcd24d2ecede83652a8a49cbb6a8,325.95735,>500,4,0,0,0
\x8791c9057566af6f55f18fdbea4465e1b1ee2f8e,320.96159,>500,1,0,0,0
\xe5708cf731516a4322106e4a7c86650af2b6639e,319.504,>500,1,4205.00558,2.5K-10K,6
\xc0c2429b8008b35ded73b53aca235c1d5591c412,311.8824,>500,2,16.2258,>500,1
\xb17f37452ccf77e56062256831d506ed36bd962a,310.932,>500,1,1496.56907,500-2.5K,4
\x4d477f1aabcfc2fc3fc9b802e861c013e0123ad9,309.399462,>500,9,2155.92766,500-2.5K,5
\x643975577485140014d5cb9c776e6d9b4ccee526,303.98248,>500,3,212.905365,>500,2
\xc1ff85c123290878d8fa84bfd123b3c81909fe22,303.7188,>500,2,29.9226,>500,1
\xab6a56ddb7d7060f1ba3b2134f3af9ad551e132e,301.4691,>500,4,406.733648,>500,2
\x03894d4ac41dd6c4c2f524ed4417c90fa46972c6,298.305,>500,1,1221.245,500-2.5K,2
\xc4676e5e99b823e54b3e6c32c8143bb441633eea,296.043,>500,1,1225.131,500-2.5K,2
\x165b59378d463d808cc287ee5af8ef88f6d7714b,273.8921,>500,1,0,0,0
\x45208c10e922d932c0a638e7d8e92307fc73b40b,273.2625,>500,3,648.97736,500-2.5K,3
\x416365993481e52e0472e7417656276d4e147a00,271.233613,>500,3,3124.01721,2.5K-10K,9
\xec561dd73346f761d1c09f46999bc8ea1b1e95a2,267.76394,>500,2,1531.204043,500-2.5K,6
\xc46ff23764eee6293e94420342bba6e885f9deaf,256.27096,>500,1,0,0,0
\xd74aec3555965b70204a2f07f5626509fd2134d7,253.83132,>500,3,192.8074,>500,2
\x7c7fb6846e7633342eeef5bd236b54dd511dac30,249.8472,>500,1,0,0,0
\xf78f2bba5ea14419ff7cb5e68d192cd214ec049e,249.5792,>500,1,283.38524,>500,1
\xd8e00f98f69bc17c003b310a1a5d6e07746ee093,247.20048,>500,1,0,0,0
\xb112aac0ae15914ec7c6525147133c402614f12a,246.05735,>500,1,434.278,>500,1
\x603f9f25ea89f465e36e2e9a9eb13289f0e7dae8,238.645,>500,2,2498.349088,500-2.5K,7
\x3f3a2cc56fc928712bc800e82b5ae3179ce550e2,235.2603,>500,1,16184.724946,10K+,65
\x38430336153468dcf36af5cea7d6bc472425633a,233.2035,>500,1,0,0,0
\xa38f82506c3ab79816d625ad286574133fc6f4e9,231.6522,>500,1,7607.5339,2.5K-10K,5
\xc76f211da977b4ec540c121a74eb811822fcb473,228.25344,>500,1,238.7376,>500,1
\x706d961ab69d54a0fcbaa13e77842279a5724139,221.89824,>500,1,139.4274,>500,1
\xad9083c6cadc572988efb604a87e86f8de205bdc,219.8187,>500,2,18903.675,10K+,1
\x0aa5973f2614dccfbe53c8273da22502d7e4fbd5,217.21835,>500,2,0,0,0
\x8d292bd248f8f756ff5aaabacda9d465bceae6c3,206.4566,>500,1,12365.990809,10K+,12
\x541ffd67537185cb4abc2b028795c2bf4ac6c45f,195.530126,>500,2,193.1284,>500,2
\xb89b619e3f6c35019d4be83e92e99e809af8ecb3,191.228,>500,1,0,0,0
\x1cb00ec6262f6262ed88cf96327fa137fc7af09e,189.510716,>500,2,189.598976,>500,2
\x62f304b281b05434f1cfdd909dfd318fc443ff5e,188.599992,>500,1,0,0,0
\x3d21a58408c47dd4631da17d1c492d06acfef085,184.76864,>500,2,0,0,0
\x00ee80c322d6e956d2629a73223605bbda946f2d,182.339385,>500,2,10385.018854,10K+,8
\xfb8e459eb57271c1bbbe502d6d287cac9603777a,179.72757,>500,1,2101.020,500-2.5K,3
\x06a6e2c10f21ad2aa84b404fbdd4d0121e9a277e,177.57495,>500,1,6854.641770,2.5K-10K,10
\xaa6444dbaf86f16b894ef29d2fddff7ab7cfcd43,176.8915,>500,1,0,0,0
\x1a27881e041737bc7ef5c616a8af08ec7e51db40,174.937264,>500,1,215.1422,>500,1
\xbf83edba541786fe221beb20c81d2fefe5cfee2b,172.8105,>500,1,0,0,0
\xc5d20b24c40a4d8489af847efd2efd12edf5b158,171.332,>500,1,0,0,0
\xd7d68213f244517ee0d83400ba0f2f0cf670ca19,170.75467,>500,2,578.58042,500-2.5K,6
\x3511748c00b6b2dd9f77c1141cec9c0bd7ada5be,168.80598,>500,1,585.71,500-2.5K,1
\x99d6d24012361620bfa1a3f16d4e745066fc7c69,164.78559,>500,1,167.980311,>500,2
\x527c6a63840bad5a1c18d61685c2a7a62735ee9f,163.087509,>500,8,1.75986,>500,1
\xccc93c66c6e80bf3d68bc63f546cbb42ab4895d6,162.556868,>500,1,0,0,0
\x11d0b9058104247be40744b1e5a708fc0ae8f7cc,162.08166,>500,1,2135.785822,500-2.5K,4
\x42acf5773af88b0e49f413e10edf9bcef93c3805,161.5545,>500,1,132.96505,>500,1
\xc03410624c083468d97df3c56f56033a8d111680,160.81278,>500,3,0,0,0
\xf23a9799fe0011acb4326306a539b88644ac19a2,159.6805,>500,3,0,0,0
\x696d181a7961ee66c42f1ebeddc0b48b106c45ad,158.4270,>500,2,4845.2058,2.5K-10K,7
\xf935861a8b8cc6867eeb463d97b501c69d177092,155.26128,>500,1,326.34009,>500,2
\x6c99c45b39d1cddb61b272798ea1da2cdac9bcc8,154.8685,>500,1,0,0,0
\xd3c8a21abddfab10c4e24c148da6e5937e81d1ce,154.823,>500,1,0,0,0
\x6d43545c5b0fe5b0afcf4a01a16948038b0ce228,154.069608,>500,1,1093.668405,500-2.5K,2
\x536ad1fd0516cc166ca03996d7530c8cdd64ed77,148.39215,>500,2,422.49341,>500,3
\x4fa4167b3c94a80416bbc768fb919bf3ace9f8c2,143.15212,>500,7,528.5732,500-2.5K,2
\xb2e5abaa7ccb1228d9a8f63e8442a94f4112bd0b,142.84616,>500,2,0,0,0
\xb197bcfd992ed6c07effe2ad662d63706bf10762,140.0026,>500,2,130.4144,>500,1
\x1d5340448b8eb32b1fef1e263755c1ca8bf6a05a,138.910926,>500,2,0,0,0
\x5b8970a3cf1136f09957c7ccd9b42edd3c0153ab,134.9930,>500,3,0,0,0
\xfd958503c1d12b2f9d5f4ba67eab8a604bd0cb67,134.9185,>500,2,0,0,0
\xc5ba2b86292a73830cfe7619f24f4fcab66e398b,132.96505,>500,1,129.5564,>500,1
\x6c85553e86609ba71f646bfdc506d65981a4a2d9,131.99356,>500,2,1331.30330,500-2.5K,7
\x9a3aa8a638f8e67ff73ce671ac49bc3d2eb69538,131.1525,>500,2,4685.2666,2.5K-10K,2
\xf81d02a2797afd51c71225b07076f87b29bca025,130.5652,>500,1,190.054885,>500,3
\x3420c19bcd121e6febcc20fd502b14a71c2f857b,130.4144,>500,1,212.6410,>500,2
\xce9cc2efb00a730009346b173045dba73fd3327c,129.5564,>500,1,109.9968,>500,1
\x8077008a7758e33bd84a8d6c74989de036587f8b,127.94597,>500,4,16.772693,>500,3
\xe58c140284021e51024ed4196c1593628567bb6b,127.8612,>500,1,2253.933876,500-2.5K,7
\x6b07d4ace5bc9a690fda9ddeb5a0f131fda0b257,127.82055,>500,2,519.82662,500-2.5K,3
\x0aebe55030c3c578605a75e0fe1514ffa5ffd7fd,127.6725,>500,1,1526.466,500-2.5K,1
\xacf5f0cc710a0b913c2eb58e3d2d84f388ab0bdd,124.7659,>500,3,0,0,0
\x76a81325e0bdc64d5f1e28ecf8f6881cbe32cd20,123.64266,>500,1,772.429791,500-2.5K,6
\xab7b49bacd43bd4cfa41433d477f690bb9e1fb26,123.469988906457,>500,2,161.182,>500,1
\xdab3c37107f240ef43b820780d3293c61e0a3e77,121.84147,>500,2,0,0,0
\x99f48381512caf3b8d274287103e41bf1bfa9870,121.3776555467695,>500,3,98.30889,>500,3
\xa6317a32bc3628f9a9a6e29e1bc056752a466087,119.363068,>500,4,0,0,0
\x714b831eb02fe854283219b2b9f1c6951f46dcb9,115.4649,>500,1,0,0,0
\xb471f3bf049b06598411f059ccf716c883801f69,114.01155,>500,1,111.6176,>500,1
\x823948435ce93d196d6649ef6ed9d96aa74ba7ab,113.45625,>500,1,112.18,>500,1
\x374d410f0edf510562aed617e8de0a47baf5cd60,112.18,>500,1,21379.8179,10K+,3
\x57abaf36d6d09bdf1212b1bf375e80f16dc212e5,111.6176,>500,1,127.6725,>500,1
\xdf23d6fd44249716a515bdddc81b82c18b915345,110.88386,>500,1,110.87128,>500,1
\xe6318ac14dc1235e01af21d354088118e15783ba,110.87128,>500,1,111.10826,>500,1
\x48f73a47f17a374ba42253c665bd8389f2efdd31,109.9968,>500,1,107.80077,>500,1
\x4776e089cdbd63d11902517b42f53b0c08dbbb61,109.82646,>500,1,0,0,0
\x15446371fe06e86fcd27b1f567491a3eee9c238e,107.80077,>500,1,110.88386,>500,1
\x265c328bf0cad7f6fcddd375a4c02754963e3a2e,106.515,>500,1,0,0,0
\x7eb315df9df153fa9b5eb6c66cc08a59b074d858,104.84958,>500,1,1795.5028,500-2.5K,2
\xa8293dd8eb52564a35b8357a539146321b934153,104.79665,>500,2,135.25263,>500,3
\x0dfb596b2b071c581fce96ef2299ce4f7dd4a842,104.22569,>500,1,104.15599,>500,1
\x61a5a1f7101c83e61f8f4746d5bf36253d8a4085,104.19084,>500,1,103.50573,>500,1
\xf1bc6674b2ca160361f73037a544f5173ad639aa,103.64554,>500,1,103.57994,>500,1
\x7754788ac133606139d4113f7fb8217110cc1d13,101.86931822,>500,2,0,0,0
\x73084e4338a64d73180d039fae40a0e92b105f35,101.6608755,>500,26,3556.41416339197,2.5K-10K,113
\x0ec34c4ce8ecae920f3c62a1f3b6ee3b8c14a20b,100.9892,>500,1,100.64,>500,1
\xf0c0d3a039f7d61b03208b431c836c12f5d3e10d,100.9824,>500,1,100.7752,>500,1
\xc9cd6316894870248c51a9496d9cacb159f89238,100.9824,>500,1,201.9568,>500,2
\xf9b3c583de855a7fb290eb248c39da5dff4aea08,100.7752,>500,1,100.7752,>500,1
\x52279c47c6d504636f3a5469e8c5c9933cfa6420,100.7752,>500,1,100.7692,>500,1
\x49a1a06e90cc1b80f005000da8c9cad57dc659ea,100.7692,>500,1,100.7692,>500,1
\x165842f312afac412c0e501050a908bf11a0c224,100.7692,>500,1,100.7692,>500,1
\xc49bf165b98a4102862ff607ae60f9675b156ac3,100.7692,>500,1,100.9892,>500,1
\xc34ba57cf09648d1bcee7428ae9cc7e9ae7410c8,100.7688,>500,1,100.7144,>500,1
\x40b217b7bd9db65c58b7eea33b6b20879b1b3b16,100.7144,>500,1,100.6608,>500,1
\x6868ca9a013d8765864b6a41da4bcb988dd99675,100.6608,>500,1,100.6596,>500,1
\xa82d931a61804fba200f325912a2ef7a536b46d1,100.6596,>500,1,100.4632,>500,1
\xf1839e02962c4ff2830c1a211da5f492ad83fe4f,100.6596,>500,1,100.6596,>500,1
\x02cb44df23e2a5840eef59dbed570aad6401d3fa,100.64,>500,1,100.7688,>500,1
\x97976c252888c174f66c618dbec6a03bb613e8c7,100.64,>500,1,100.64,>500,1
\x9330ad6e8bb144c776b7b2c2cbab1c8f71ff1ff1,99.954597,>500,4,0,0,0
\x00ad3d4cc099be937879451698c673cbd5c3cefc,98.56476,>500,1,10344.6916,10K+,5
\xf3f3d96ad5b8554ab4c5b45a0e1d5111e95671b4,98.29253,>500,1,79.2848,>500,1
\xa297a06221ab3c846354e7fb1b37eb5da06bda21,97.3149,>500,1,303.607,>500,1
\x60c1a749c390d2e18ff84ebc17c74a28fac0c6c9,96.900977,>500,2,0,0,0
\x1d8e302e451b6698f000809dcb7f51ae4b708936,95.6775,>500,2,0,0,0
\x1775cc97e5c05fde8b571ef75ca52d0a9ff19025,94.6944,>500,1,12054.736714,10K+,14
\x0482d6bf3b83470ee4ee87c20a98d38249138e1b,93.834873,>500,3,0,0,0
\xcd75942b66c1a82d7e04f65a34ce7f93791fa8a8,92.074,>500,1,207.0033,>500,2
\x8d2a9f5e630bbc008ffbc80b695afce1af79cd5e,89.014618,>500,3,0,0,0
\xf61d9810c2d045a1d73bd63e50dc246ebde62b79,88.458656,>500,2,88.704086,>500,2
\xca9a335d08a6e3ac6947f7c8f06ff1acaa5adc87,87.92618,>500,2,242.364888,>500,7
\x721c7fffe9ac426a028e616677811f755fa99eba,87.67436,>500,2,2276.52,500-2.5K,1
\x1c3be20a226333e26833618b96e9d10aa741da6e,86.848835,>500,1,39.38337,>500,1
\x514b6de6739da6f5277775ee144e633dd212bcf7,85.5228,>500,1,0,0,0
\x8d851bd5fb967941181fc48faf6ba9ebac04de78,83.9594,>500,2,12.1964,>500,1
\x66fda6b697155fad61694713f4d6b0c02736e2a3,80.72324,>500,1,9.7926,>500,1
\x871796b6fc784bc50606ad16c8099aa9496eed10,79.2848,>500,1,98.29253,>500,1
\x2b1c66f6d779b6da734d67255be2c54db2e18977,77.738874,>500,2,5.16714,>500,1
\xb8a9c37240e8b72f42a88f1099e6c61dc3e96756,73.4568,>500,1,48.9574,>500,1
\x3eb72a65f9322d3f30167cff9fc9fcbb23d61cfd,69.938314,>500,2,601.2349,500-2.5K,2
\xa2c943092a8d2205721ba21c842cb94c40cb5215,69.8869,>500,3,0,0,0
\x64b5f9dd6f23269b966a4c3717e150a6dd264851,68.7723,>500,1,68.7723,>500,1
\x19c04ca80c4168ea8ab469a0766a858d7172b320,66.08775,>500,1,0,0,0
\xb49c54edfe1cfe5ac83e74b179474f6224d0763f,65.871071,>500,2,0.464445,>500,1
\xd2abd7a3333395a1ed7e54c67edf43ef934033a1,65.274985,>500,1,5197.85129,2.5K-10K,5
\x44e2f285f26bf65b5396873dd25b8d82a63e5546,62.4732,>500,1,174.229,>500,1
\x9fea4c4e7d5f237053df5b5664b006ad2c2093a3,62.4708,>500,1,7868.861064,2.5K-10K,5
\xcb630c28658d8b4f0509d628d8d947e6f95ea20a,62.16292,>500,2,0,0,0
\x6c13fc8ef50144a21702415d57ece0a09879fcfb,62.153386,>500,3,0,0,0
\xc94fbca51171b7caeb6ab632bc0a355249d7719d,61.51421,>500,1,0,0,0
\x15b56359a31b7a7dd51da0de9315142da3b0c4a5,56.2908,>500,1,56.2908,>500,1
\x25b65e29930d163e93cb6a6a9d3a37cb58640f06,56.2389,>500,1,56.1204,>500,1
\x16ed466b1202db268d545ee2f7202b68f0fb35d3,54.15246,>500,1,0,0,0
\x3ce1e7a2b491dd5e545bca1a480ed1084712798f,54.0635,>500,1,0,0,0
\x13389316c576c3e7c9288c1c8f4929c470fa772c,53.943743,>500,1,0,0,0
\x5ba0edfce3208250e6445c7ae875aec8502e6292,52.51237,>500,2,4554.2629,2.5K-10K,6
\xe8e83ddfc373bbbd22edf5a80a30ec7ded8f2b47,51.457821,>500,1,100.92096,>500,1
\x00df99e12315cac90f49527b07d753b7fe9faccd,51.230964,>500,1,0,0,0
\xcd5c1bb777c937d993bc5e16e48b1669becc77aa,48.9574,>500,1,73.4568,>500,1
\xcf0fb4d249b8c2f17dd805ac2b6f28ffc3d0049c,48.62109,>500,1,1189.82850,500-2.5K,10
\xfcba0693fc16dcb2a4e8fa7ed3da31f5296993e4,46.884642,>500,2,14981.294109,10K+,9
\x463d49199abc1def3fe7dbccec5a73f668bf5fb1,46.80537,>500,2,4.24364,>500,1
\x49e53fb3d5bf1532febad88a1979e33a94844d1d,45.13375,>500,1,18019.56623996,10K+,18
\x3c6788be1c8c23f6c8229de295dff3785e85b348,42.92765,>500,2,13874.135716,10K+,28
\xee7f85b62642b9e2c5687790b5b4df9fc7f7442f,42.6624,>500,1,596.8468,500-2.5K,3
\xa495893ceb72ae222d1e34d2dc1872b83c47d5fa,41.2495,>500,1,0,0,0
\xb9050dd2286e1eb806921ffbf162231d5ae97d64,41.0688,>500,1,0,0,0
\x80407bbc071c34ab9ad0683c74903aba676775d7,39.32944,>500,1,0,0,0
\xe12e1354ce5b1b9f34fbdfb9a1d5c202ba772a8b,37.763341,>500,1,0,0,0
\x059b254553bb97ca61a99c2bbdbefb594aa94365,37.11248,>500,1,15.498219,>500,1
\x9155881a99c41620edfc889e18ec180cdd567bc6,36.919384,>500,2,605.7848,500-2.5K,1
\x27a5eb30e2c9526bd13af15ff0819915dfd0bf66,35.967,>500,1,0,0,0
\xf48aad72890060f020c2158006885babfc3b9c77,34.204014,>500,1,0,0,0
\x459da68fbf9e09c30ccdaacc377da70f4ea7bd27,34.151,>500,2,0,0,0
\x54e6627177165aa7b6f31752c744c306fac993db,33.419575,>500,4,96.43413,>500,9
\xd48a9bd19d0b9dc2183be55cd743d8758f781a45,33.0144,>500,1,0.350379,>500,1
\x107a6578ab250f79f9763fc825e8d6cab0d33c6a,32.91672,>500,1,0,0,0
\x62c7db69210cb72fe1f8966c87131e9c0abf7ce7,32.75226,>500,1,0,0,0
\x9a5cdc551713f81849367f65446a054c7c02079b,31.8529,>500,1,60.664,>500,1
\x754bdb78a3c01afc52f96f1982d04bc181ab0c73,31.803,>500,1,478.911527,>500,12
\xbbb76fadda3aee3ca50ff13a03a102985e591d6f,31.3902,>500,1,100.78629,>500,1
\x081ab2fa7f8f4d9e89f017ca1195b0cc75245aee,30.530814,>500,1,14073.692754,10K+,20
\x9ba6baa919bac9acd901df3bfde848fe006d3cae,30.290072,>500,3,385.55748,>500,1
\x16aa252fc8a60187e7f52a2f0f2292914f65caa3,30.23895,>500,1,198.57768,>500,1
\x7773a2ee2461226000646112331ff43315f1e055,29.639388,>500,7,242.70825,>500,2
\xa93f416e8452b131a3b5f235be8790af2b3fec57,28.39632,>500,1,0,0,0
\x48a49bc007416c066bbf0b1e2be277919338f722,27.86841,>500,1,102.3414,>500,1
\x7d1d27469437970400597980be4bb5e84976efcd,27.34905,>500,1,0,0,0
\x5b78f06123ee99dc8b21d4e1ef51afe08059d5ec,26.908884,>500,1,582.62661284,500-2.5K,33
\x300871c1c6024f8f9a7afe3bf22f3d538c8b96ae,24.8384,>500,1,6.20786,>500,1
\x77a80028a50a7504604646ee51586a721f52f07c,24.723657,>500,1,2666.52509,2.5K-10K,2
\xd8263b8b277c7df352f1851923125a07a6982540,23.4144,>500,1,0,0,0
\x60c8eed11cccab1e6d75a825dd9f36d85d855c53,23.0529,>500,2,0,0,0
\x78a6ea0a3a1bc525a2d1a703a1eda7e83d030ea0,22.638,>500,1,0,0,0
\xd43de4138422ad09890203c2e82624715350b784,22.4191,>500,1,11.1315,>500,1
\x8e5c2f736a2df4e2759b56e9c2f1512b18c5f33f,21.23225,>500,1,69.62865,>500,1
\x15d693444abd97710437de8b9bc271137994cf5e,21.18837,>500,1,1933.9247,500-2.5K,3
\xaba1aa0cf3755ed43fe6acaf24abce6c26496322,19.47935,>500,3,1040.5711,500-2.5K,2
\x136d54e730ad568cf49f8d7b8d36e1b079f37e1e,19.204,>500,1,0,0,0
\xb141803cad1cd0dffd9c84baf688c10c25f3a573,18.953528,>500,1,191.729265,>500,1
\x5f4ef5c539a56291665fcca4e6b7a6446ad11cc1,18.667585,>500,2,2594.89852,2.5K-10K,8
\xddf920f9ea110e1a8030c4015d17291c7befc079,18.6246,>500,1,2.6115,>500,1
\x03a5bdbd5a37ee782e9203811d227342c3fcfb73,18.60869,>500,2,101.3144,>500,1
\xa1e2421a68f0208b75acb0014a69e89b1f7492ea,18.5055,>500,1,0,0,0
\x45452d8508356dc9619f23eab6932b4aab1946e6,18.386,>500,1,191.228,>500,1
\x543f1c2e2d5f45456a0135bbebcc73f4e67a26ce,17.879359313479,>500,3,32.91672,>500,1
\x3a09b783e8e3e0888b24d689a23e0f6b69aa2bba,17.34723,>500,1,0,0,0
\xb2e329441e4b2ff384ba1c3aedca67ef2a1131b0,16.53416,>500,1,0,0,0
\xa186fa35ccde3b23c8a0582363010e2e07f2fc22,16.1625600485798,>500,4,8.38992,>500,1
\x5a81868992ffcf4200a85972c60151690af39006,16.045926,>500,1,132.56512,>500,1
\x7f7bac92aa3e28351f9e89535ca334e8a44542d0,15.85345,>500,1,2089.96,500-2.5K,1
\x1c85d6ae1336d0e4e3f165bbfa9641bfa04cedb1,15.846225,>500,1,871.366,500-2.5K,1
\xc1aea877366970c930ecc411b770ca8f3a66c527,15.72545,>500,1,19.51488,>500,2
\x8a5847fd0e592b058c026c5fdc322aee834b87f5,15.70165,>500,1,748.9287,500-2.5K,1
\xafde46e61d89e564cd3200cb2e32d6ace5c77f53,14.7407,>500,1,15.8569,>500,1
\xbf37a2f4f1eafe152e8336465cfaad1fda44b588,14.046339,>500,2,221.030909,>500,9
\x4d3875545893e21bae6f1e0ab137cc2d9451bfcc,13.58135,>500,1,544.63065,500-2.5K,1
\x0bd55d236eecbdaf01d2c79253da0aeb3488af02,13.23765,>500,1,0,0,0
\xc58d054217281e665412c45271319bf951f4fb2c,13.05652,>500,1,195.91918,>500,1
\x7ffc460cea6f22f598b6e02f1c9b1e197a597b19,12.95658,>500,1,0,0,0
\xf226018b76f2f7cb45ad5829a7eedd4214580a3f,12.660065,>500,1,111.05233,>500,2
\x11e9df05c3a5adc42c7bfae4f0360b4e2423f29b,12.24964,>500,1,0,0,0
\x842fcd1d99c0c3469022a51685dada5afa91a4e2,11.662255,>500,1,0,0,0
\x0df58d7d446867137824975d95b2d3235f5d3955,11.547975,>500,1,0,0,0
\x0111dcc6fc2df10b1145fdcfed2bcf1b1c00de91,11.536784,>500,1,0,0,0
\xbf62319147a6fb8dcb9bd907b890195be6929222,11.4627,>500,1,4.44518,>500,1
\x43f9c4c6592853fc6e87e4280f84ace6a344d8e7,11.063368,>500,1,696.152976,500-2.5K,3
\x8752a7aea7bad6087871e441a5b4c3952f2f3a77,11.02574,>500,1,223.507755,>500,5
\xf78c3a7514055c8fdf95ac594eb2f27784e807db,10.8528,>500,1,0,0,0
\x8847ebaaf29a18396e49191602f8d8d141b98aa7,10.60168,>500,5,0.29696,>500,1
\x1acea492e78dc5d2ba007ff0a68f55dc4bb05ee9,10.50348,>500,1,198.64466,>500,2
\x642d38840ebfda55911f83b1cf8b5fcb1d5fce36,10.4649,>500,1,649.41287,500-2.5K,4
\xc889690a889beb22c84d08acb40b8a38654f4f1f,10.42048,>500,1,979.6677,500-2.5K,1
\x9e596a18308096a9ecc4da5f9d0d34f6f3bdebfa,10.33564,>500,1,0,0,0
\x54d759cf295a08c10d63758e9f4758db691b3dfd,9.61532,>500,1,0,0,0
\x416d86b9360bffa9de4f880a4b3557f1dc28c643,9.34296,>500,1,0.234233,>500,1
\xc2a622b764878faf9ab9078ad31303b24fd4b707,9.093095,>500,1,1619.8763,500-2.5K,3
\x5e745aace240dffa2358c2b47f3eff4a3a85e12b,7.984825,>500,1,7.935775,>500,1
\xd5c5623879ed4b16aa300b813b658cd0b538168b,7.58022,>500,1,111.226,>500,1
\x639822107482dc6a1a406f36f6a80a8d4f462918,7.23706,>500,1,755.45868,500-2.5K,3
\x698613a5761de25d33ed75dfb287e6c1f16d4244,7.164102,>500,1,0,0,0
\x8d41a8fc6c7a6f07ce60b421f0f24c958e09211f,7.099785,>500,1,0,0,0
\x6d25eb10bc4d5dd9e596f2a5cc1e14923f47e190,7.03184,>500,1,0,0,0
\x986a1de622305f441a3c763036ca06da417ffff4,6.96876,>500,1,0,0,0
\xbebd087a12cc28bc108245ecec608d1c04862c1c,6.93297,>500,1,11.57062,>500,1
\x668540812466219a4cf9ef22151bb7e513010f17,6.748658,>500,2,4319.30836147008773,2.5K-10K,83
\x32ae4db3201e581b6ddc5ab3a1acb2d3285a2dac,6.6168,>500,1,20.76184,>500,1
\xe86e2fced3d1ea1a8ef2f1c4e1b6a38694439156,6.603432,>500,1,0,0,0
\x17dfd18987b6b131686fea478600b75d11193335,6.57838,>500,1,0,0,0
\xb6bd1b9b3e6e3512bb354789289f6d8fbc0f65bc,6.47752,>500,1,2356.39812004,500-2.5K,54
\x90f11bcf68f44a7edc142186fced2314da35655d,6.308512,>500,1,0,0,0
\xcb30d07ed69b28224d590688f96454459861dbba,6.306975,>500,3,2311.298450743811,500-2.5K,16
\x8d216b875b5a1355e5938cdef73b503231a81c6f,6.22376,>500,1,1682.56751,500-2.5K,4
\xdf71cd86c1df6b932ce92df265a918a385f91337,5.578765,>500,1,0,0,0
\x1f2beaf8439039dcec062fbe056458d34f529f9e,5.4938,>500,1,2905.3938,2.5K-10K,8
\x4f4892b239b22e57f4722654b5beec58bdc94994,5.31126944637707,>500,2,5.86278,>500,1
\xd57ac8366ea0a6ae4b5a6e25cdfe03590baa24a6,5.26077,>500,4,47.95415,>500,2
\x235307cd9a152d06dc6bf9d665084cba109653e6,5.16714,>500,1,0,0,0
\xbff3d7fe8b734a0a9eedc25b70e1e9b763993ac1,5.083128,>500,1,26.884988,>500,2
\xd03ad690ed8065edfdc1e08197a3ebc71535a7ff,5.01282,>500,2,2.21347,>500,1
\xbb67bce8d0e63082a5a349b35439f14c167e08f6,4.806885,>500,1,0,0,0
\xd12defb3279003a6656023135edc975ed4d918b4,4.64696,>500,1,27.859,>500,1
\xc639aa72af23ae5ac40287e1ec5fd5c98c61d5a9,4.584582,>500,2,187.0906,>500,1
\xa785c26a95a6cdfbe85edd71388a23854d441c36,4.57839,>500,1,0,0,0
\x2d054602f39ee2285fdde7300753e9484d42adbd,4.44518,>500,1,11.4627,>500,1
\xd3c76745e9427a75670ca07b6d233815ade82d3b,4.4073,>500,1,0,0,0
\x8c69f8d2f360d0bd12cb73b92e90a380e32987bb,4.383093,>500,1,0,0,0
\xd71bc2f22277fdb8e2b2163e9c6f8a1cc36ff985,4.025232,>500,1,0,0,0
\x82f1291ce66e8be1d53c2eace07872007f8afa88,3.97878777,>500,2,0,0,0
\x5d75201f7d0f743aa31e64930d504abd5af826cf,3.666495,>500,1,4.8855,>500,1
\xa4dc2788bcc832095bba2b148a5d98d0dca270a6,3.32461,>500,1,0,0,0
\x7da0e97cb78832463914392b5d414c1befa1fb01,3.27449,>500,1,0,0,0
\xd6235188927691b7c0f5752585fcd6e4030a20bc,3.07325,>500,1,0,0,0
\x124d05e1cf1316141463224e3b9a9592044ee325,2.9584,>500,3,58.336,>500,1
\x1737a9d297e00c04184f14c78f312c28d03d4686,2.92265,>500,4,0.58534,>500,1
\xd5102725cc00421854dd616a2d8769ce36017315,2.84661,>500,1,0,0,0
\x1dfe55387ea71ee6acbf15c4a619f48dd6713ba2,2.77281,>500,1,0,0,0
\x26f81725826b886279d9a7dfd45785197b0c484c,2.76613,>500,1,8.77317,>500,1
\xef927cf6873bb54ba27820a5482f727ecf6d4a07,2.7149200270638,>500,2,0,0,0
\xb9e62c014d644aebde25c253d0d8e3a40c83de47,2.651839,>500,2,42.1644,>500,1
\x3fdccccc27f307b532babad5481a2177b3693ada,2.6115,>500,1,0,0,0
\x1860a619d26f4998c3c5fac85738ecd912bf34b5,2.6037,>500,1,0,0,0
\xe19e26becff917f057ebb35217fdf4ab3252dffe,2.53168,>500,1,0,0,0
\x304ff03f1526300d5597dfede9a6be316f56569e,2.499182,>500,1,0,0,0
\xd2ea42a69287a0a1bacd9259fbbd61a5db977248,2.47645,>500,1,0.997301,>500,1
\x269e07eac18b3681f3447263c28a766457ff074b,2.47387,>500,1,76.15925,>500,1
\x3ec25dbbf90468979c25b45d9f76abaaa59dfca2,2.43059,>500,1,8.528862,>500,3
\xe8d4fc8e8b35434d6b5c790ba045fc0bc01cd569,2.4037,>500,1,2.4021,>500,1
\x685d9638f22b552e1f9fe4e1325970fc07e52993,2.4021,>500,1,2.4037,>500,1
\xedb7af625443bec75d53544e091ee3492ede8bc2,2.33086,>500,1,0,0,0
\xa4b6278ee76277878dfd0e7e1806c9a2c53d507e,2.329,>500,1,5.75476,>500,1
\x6f24ce49bc95841d7629e3714cf80c7f9dbb43bb,2.17609,>500,1,0,0,0
\x301309d481a8c95efc681dcb830560606178d3ea,2.06769,>500,1,2.05917,>500,1
\xa60dd9d42fdd43e91da63bd261997e14f21c69fd,1.899607070975,>500,2,3036.6715,2.5K-10K,5
\xb5611a2ffc654d3f3410341a325dd126e7f803b7,1.77954,>500,1,0,0,0
\xfdd54508d3df645625745a1d350bbc04755ad283,1.7307,>500,1,0,0,0
\x8f3d7c5cf34d33df17627091ca16f129e91395f5,1.499625,>500,1,16684.6255,10K+,5
\x0c0057af75d6fcb35566621e8639ba06755c4c29,1.40025,>500,4,4942.04,2.5K-10K,2
\x70f9e695823a748d0f492c86be093c220a8d487a,1.30869,>500,1,1789.849216,500-2.5K,2
\xf05c004c9a3d801644d6bbb18de836ce998de27f,1.229445,>500,2,0.058549,>500,1
\xdac28927792b3bb1a7a956fbfb19bce720f1c014,1.227085,>500,1,0,0,0
\xa99f898530df1514a566f1a6562d62809e99557d,1.16938,>500,2,0,0,1
\x615b044b6ccb048532bcf99aadf619d7fdd2aa01,1.001261,>500,1,0,0,0
\x52c34872a9e1d22b4f54d3969f920c4bf1e06088,1.000137,>500,1,2.15996,>500,1
\x93cb1193f316f218eb2daf0c7b958913da39b699,0.913698,>500,1,0.30449,>500,1
\x6f5eba1ecc26b8f1203a1d32116f286fad383a2d,0.717978,>500,1,0,0,0
\x8874df42bee72cbb44279d32443623291ed8b116,0.65299764436857,>500,1,4.667184,>500,1
\x366e58737164430af4aed2856840be9bb148bdc7,0.62176,>500,3,0,0,0
\x497a30a1832ee36fd6998cfe7cdfe0a094f29b19,0.59535,>500,2,0.059268,>500,1
\xb47e289befcc72b066f0900aacf16bcfef5861de,0.483582618884167,>500,1,0,0,0
\x6d479e1c8aa4d0c778ef1e8a758bb0e753929019,0.356594,>500,1,36.9755,>500,1
\xad3532392b4a3d427f3af5c7dd3b3dd882f74439,0.3371686,>500,2,0,0,0
\x7400e88b6a3e06168ff440785b3003fc47672db9,0.326662,>500,1,0,0,0
\xe5f55468585ef91cf1a87aa3af4c830fa7ae78de,0.313014,>500,1,0,0,0
\x6d9104f626d7f4145dda92cf06c336f82f2135e7,0.250641,>500,1,6161.385,2.5K-10K,1
\xc598af80cf61539e2df1ed657afac2d7c76601c5,0.249257,>500,1,0,0,0
\x7d43237e2cf6bb7ebd94bc6d772ab5bed22d5d5c,0.241941,>500,1,32.1083,>500,2
\x2c201cb39140e21451e71a2a272b6b561f13b9e4,0.234233,>500,1,9.34296,>500,1
\xadbb884cbe72c934bf54b29430d73c5e844ffcca,0.203088,>500,1,0,0,0
\x98173d41603a1ca46326f2f4e06bfef7e16df544,0.202838,>500,1,0,0,0
\xe75e02de9b5559f2edbc673f500a5009d9e091ac,0.169448,>500,1,0,0,0
\xac257ed8567d6de03f40bca861b2bc48f964b4ef,0.062778,>500,1,0,0,1
\x6c650d165ec8e6b4de0629b6c574c3b8edd49cba,0.058607,>500,2,0.058556,>500,1
\x8506f2a118221a74888aac2912dd7664067e70ea,0.058556,>500,4,584.725385,500-2.5K,4
\xd95417aa3023043931328d5a3baa6afd80379510,0.034214,>500,1,0,0,0
\xea0f1f68d7c3f580a80e170a21ee0ce34cdcdd17,0.00328644,>500,1,0,0,0
\x2da98019cb3495566877c01535b48caf4c2502c5,0.000763212,>500,2,0,0,0
\x08fb5797b3d751d022736f6df6006a39c049c2c6,0,0,0,28350.7104,10K+,2
\x08b7ab9bbc3a07cf7f75b4acec5b536b7e040cfc,0,0,1,748.74275,500-2.5K,2
\xffaae7e8484236d620ec9d5fe6115a0d18dc3bdc,0,0,0,787.846,500-2.5K,1
\x419044327eeb77ddbfb01aacf381fe29ed330ea9,0,0,0,713.93580,500-2.5K,4
\x7bc1cb8e6d6efea608c89e528594b00275ed4aea,0,0,0,695.97822,500-2.5K,1
\x252c7d52ab8c3bd421d29bf7b7f83fcfde49e4f0,0,0,0,857.1459,500-2.5K,2
\xafb9d7fa614dd77cd9d212bb0596982c850a5085,0,0,0,668.60308,500-2.5K,4
\x179cef18c1e1f9f925a3c7084b600191568d3440,0,0,0,870.78484,500-2.5K,3
\xcedae9684a1083f1de86eb8dad5bf89139c247ae,0,0,0,875.07709,500-2.5K,2
\x710afef4052c2820059d13eb7ddc14700931cfe1,0,0,1,643.52644,500-2.5K,4
\x030e691d39e2dda9ffb32de5f49fdbf9f590ef00,0,0,0,642.7152,500-2.5K,1
\xd89fe1ed2b0bac7a27de004de595c0e43280ea69,0,0,0,629.2264,500-2.5K,1
\xebaac94eefa3d7d7470870f34ed8f0f22a85b16c,0,0,0,627.895,500-2.5K,1
\xeb449ec00f73860fdfa659feb79005065351119f,0,0,0,619.987302,500-2.5K,6
\x57ddab0ca4f0c49553228c180ec660ac1db99328,0,0,0,880.19171,500-2.5K,2
\xa14ef0e1c1b3fe72706dc5f69ce0595e9dba0646,0,0,0,590.589,500-2.5K,1
\x402b483092fe8b5f1b98a6e9bbbaa16217463de5,0,0,0,590.043752,500-2.5K,4
\xb3565f0dd95a8cfdea02fe1a276eda17df56424a,0,0,0,907.92922,500-2.5K,2
\x6a9540518477fea00b998bfa2e7c967ca853f209,0,0,0,915.5509,500-2.5K,3
\xf19b96f6b81894bb5d6e5197bbcf8f845495980b,0,0,0,588.1507,500-2.5K,1
\x169604c0eac7914016f9ecd018174fc860d02dbe,0,0,0,928.3152,500-2.5K,1
\x3d269d5de0db21dd1e7f8221506f8a189810ec94,0,0,0,945.854226,500-2.5K,7
\xfc13d83b99499a65f13231c64b8a355dfceadf5c,0,0,0,953.734670,500-2.5K,4
\x3adb265793103492149157648de01b87d1211d2b,0,0,0,576.798,500-2.5K,2
\x876a511c76e9caf46ea2998d06b6e2d57debfff7,0,0,0,960.4179,500-2.5K,1
\x91096b323e6bb3aea9fa31a787d00a40ef56d2c7,0,0,0,561.921689,500-2.5K,5
\x09f02da0a216e9284c28a1e6c04ae2315196eb3b,0,0,0,993.344281,500-2.5K,3
\xc8cd1567acfabfcbecc76776cd92e0b95fb3a806,0,0,0,547.1699472,500-2.5K,2
\xf2664dfa7924d9f3895349bae785027ab9da1c87,0,0,0,533.103,500-2.5K,1
\x4afddbb29f642002ffabe99aec97b561f806b768,0,0,0,531.6872,500-2.5K,1
\x455839e1ffafe624051de0b89d3eb2930ea4d69d,0,0,0,520.88272,500-2.5K,1
\xbe498c7a06819421bb264237ae7a85363850d8b9,0,0,0,520.88272,500-2.5K,1
\x99ae7de79ef503f88885f81b0f05a738e7c7de8b,0,0,0,518.3025,500-2.5K,1
\x85684c11fd750506cd8783a7cdc19bc583ce62f8,0,0,0,466.95,>500,1
\x5fe8b642fc18eecb93b12999025aaed6b5fd8578,0,0,0,449.88288,>500,1
\x0c9bc432c1b470282ca284bd31edcfce9af2d733,0,0,0,439.15203,>500,1
\xa99d480003d622dca2d16468c48a2feb634193ef,0,0,0,435.69414,>500,1
\x48dc139fcd166a7d9696f4e8362dee51a57a1431,0,0,0,1039.092912,500-2.5K,7
\x1b1d023696015e40be026e1fab12a9d64f4bc1b3,0,0,0,432.944066,>500,4
\x3251a00ebdacb9c4539c3e5d46f620054999e0fe,0,0,0,432.71875,>500,1
\xa489bc3d18d0fbe73e574c4b327d84ca7e383b0a,0,0,0,421.86258,>500,1
\xc53104efc160292eb9f4dc52c1a58d3ed54f9faf,0,0,0,411.153,>500,1
\x51470680d9ab003a53a81fe7bcd9f3f85ad84069,0,0,0,1058.981616,500-2.5K,5
\xf7a91d78d4d3f1779cdab33e56b5942b27331fe1,0,0,0,403.225198,>500,5
\x87ae9672cf172124fac96ff7834f6b4331eaf94b,0,0,0,373.584663,>500,3
\xd172b0f73413f36b32fdb7c2a35aaf51571f2197,0,0,0,1140.374541,500-2.5K,5
\xa97276772e9a8d5408421d60c2749c68c2e2fc3a,0,0,0,1147.955915,500-2.5K,4
\x86ead5e10793a1e7034550b16b255c371107b550,0,0,0,1166.619,500-2.5K,1
\xc15d7ef92a7bcda3d64b1465947bd446d671ebb3,0,0,0,290.3716,>500,2
\x36d74b81006732a0b24218a562b6b6c774c91113,0,0,1,1191.620966,500-2.5K,3
\xc20edb73c8af7da072e45f3d364d1504f80bab0c,0,0,0,250.199695,>500,3
\x10faa4db982b861ad4be47b2b94c5b4c6f1969d8,0,0,0,1315.230488,500-2.5K,3
\x175631f8948f909bf82cda52e731f522157c4f28,0,0,0,234.608386,>500,4
\x969de568df4cec02e682acf75d7ed9f048de3aba,0,0,0,218.51984,>500,1
\xe853748e70d8d1d4809061dcb29478767d1c0878,0,0,0,214.07349,>500,1
\x70d43f3f858aea98dc54306ead97e98bcf571b1b,0,0,0,1350.81488,500-2.5K,3
\xe1cd5ed7ef48b42ed56e9f94a1d0f61d35192244,0,0,0,1430.9505,500-2.5K,1
\xbc4bede6fae83d2ad830d7ad5ab86a6c78466cf4,0,0,0,1731.494171,500-2.5K,9
\x015fc0f9a30b6353b6ea191d7c4ba6c8aade92d7,0,0,0,162.448354,>500,3
\xfa3c7e8347cfedee80e9ecd5fe2a23a1910f82dc,0,0,0,153.198,>500,1
\x1b345023bbcd5cf70781f389bb7c45b9a5f31669,0,0,0,1748.751071,500-2.5K,13
\x6f16224bf1ed50a1a9e146339bf10d7f19367d80,0,0,0,1764.6297,500-2.5K,1
\x2a795ae6a556d159a826b57d58f1381f74cd9f2e,0,0,0,138.958305,>500,4
\x9172e788cd829d75e913e53452b49bb43d32bad4,0,0,0,136.94205,>500,1
\xf8af045bdb3a3978afab4bea4730ca50faf5d1af,0,0,0,127.271454,>500,5
\x6687c671980e65ebd722b9146fc61e2471558dd6,0,0,1,115.0545,>500,1
\x6e02f9ebcbea1d919e77d237cd32150d00f41b03,0,0,0,109.6578,>500,2
\xf9710e525b75ce28b3fb98df42553f87261ccc50,0,0,0,109.4258,>500,2
\x0b0498e4fb7817358fee5b20501db0ce7e40ba36,0,0,0,109.3818,>500,2
\xc72aa47c9ae5c72520f6aad34f24ba166cca46f8,0,0,0,109.2582,>500,2
\x5e6406eec60dfb5f99a5c32ebe0af462b8e6c64e,0,0,0,106.8846,>500,2
\xd949eb4ad3287ebafe9c518ce8a4a4aaf52340ef,0,0,0,105.3846,>500,2
\x5ab380cc7aa52a97a927cd70a82703a07f97d4c2,0,0,0,105.3006,>500,2
\xf5726dffea33167134e4a4f52d4e8956b9d4e717,0,0,0,105.1626,>500,2
\x7dbb77e549aa6fd5d48c4f8fcdf9fb45825fc051,0,0,0,97.104341,>500,3
\x00de3a8bdee6e682c3509d66a947d05a8ca797af,0,0,0,96.263842,>500,5
\xefd975b6e2cbf5a7285d3a5aae275e2e275ce77e,0,0,0,93.314052,>500,2
\xb329fb5df5a746d037f3eafd0497d15cc5e193d2,0,0,0,93.253092,>500,2
\xde9672bd224c1386dda61db911de733f8e1eca9c,0,0,0,92.94981,>500,2
\x21d99bbbc49846fc9864931a0c3fdc296999aeea,0,0,0,92.908092,>500,2
\xf913b9a80755a456cfae819304173265a607dc12,0,0,0,92.823590,>500,2
\x49a3c870ccb3985637da5dc80057b4fe5658f326,0,0,0,92.77476,>500,2
\x82513ba428c3fedab6dcfdfad5b7ebcb5076ffa0,0,0,0,92.673768,>500,2
\xa6036189af87dbc8ef7a1c53917c71647ab80b3f,0,0,0,92.658918,>500,2
\x4daf43e8141df32787137f969c00c9a1548722b1,0,0,0,92.601768,>500,2
\xad794c165a8f2f8ced466d4a551f5e942255b387,0,0,0,92.292318,>500,2
\xf7f720316e258ac0747877ab023d9724afecb5d0,0,0,0,92.292318,>500,2
\x1c6bf82c79cac58eaa6962513027a142417b99e8,0,0,0,92.230626,>500,2
\x9503b823a21e113af3477aeab5bed9d17b4e1b56,0,0,0,92.209926,>500,2
\xff994d9564e6aa6e1eec5575b004613e9f877fbb,0,0,0,91.556205,>500,2
\xb8cebb8bd64b10ffd2208678bbdd2673e6582243,0,0,1,91.175715,>500,3
\xd27ab49790aeb31a441eda264b17ec7bb9771eca,0,0,0,90.20688,>500,1
\x9526818a8f5d997652c213a28cc532cf6b709aa4,0,0,0,85.23980,>500,2
\x4768a15802a38f13020138e706c0f56cbf5b553b,0,0,0,84.863896,>500,1
\x4a2f1806f6f07d783653d87e0ece19020df78a37,0,0,0,81.975019,>500,2
\x85ef6932088e4f901ac4f0e4346b358fbd65d4ab,0,0,0,81.915894,>500,2
\xadef37aa14ef396167982a3c547a0c796c01f28c,0,0,0,81.770031,>500,2
\xae3cfb4a88c5dacffff1978b7ae696e111b2c6a3,0,0,0,81.667954,>500,2
\xbb7b3649f0da7eaf2728f55f3667c9947fd1046f,0,0,0,81.667954,>500,2
\xfe36132caa71c4b1a88b38b79373aab5e001457c,0,0,0,81.193808,>500,2
\x28425420e14f52ece14dcf786cf85e273313610c,0,0,0,80.910787,>500,2
\xdda9dcd0965404288fc285183af8b879930c6013,0,0,0,80.013826,>500,2
\x4894ad749fa04444cbb2ad68a0e041bda1fbde0f,0,0,1,79.93841,>500,2
\xd3815588b090cd966fa078134517eb091ea5a22c,0,0,0,76.996137,>500,2
\xeffaa947af692245e1e6a4aad1da086b13ac54a1,0,0,0,76.869842,>500,2
\x30b7666a760cc3936e2c03638af18799efa7f0dc,0,0,0,74.45258,>500,2
\x40f6d9dbf0ef7260b1596fe15a2735a13f8d9cdb,0,0,0,71.30529,>500,1
\x06c4865ab16c9c760622f19a313a2e637e2e66a2,0,0,1,69.07425,>500,1
\xb1562332930f33ff37ae32e2bc126d62d8690bf3,0,0,0,67.032768,>500,2
\x14468ea31273dc32042459d748f662c1caad29f6,0,0,0,66.647856,>500,2
\x83fe5c3e4c020d80ab35b25cd40bc7cd3c66640f,0,0,0,66.510450,>500,2
\xe1b400b95a1d6499ee03edfd4854a99caed885ee,0,0,0,66.427614,>500,2
\xc635ebb012bd96db82ff7b6e38dd3371ef53f7ab,0,0,0,66.343140,>500,2
\x5e4c3ea7178163515bd90991ae5dfea5b4202582,0,0,0,66.144008,>500,2
\x8b8404af81777466d9ee876c93e949ac2e38a861,0,0,0,66.136304,>500,2
\x17712ed0cdb349b91168d736a7f30887e1e395dc,0,0,0,65.807408,>500,2
\xc21a7fcc250cf5ca58708ca3c80889e7076c6ada,0,0,0,65.503908,>500,2
\x819ae34d9362ecf76824cec54435367ca87fba6d,0,0,0,65.426208,>500,2
\xf971d9858f66582d4c470859c48324f7accebfc5,0,0,0,60.897918,>500,2
\x8b5d493fb9817efa5b81a85592c60a7c8df38db7,0,0,0,60.058975,>500,2
\xd059ae0a5036b3f98c27b1a2d69f982bdb1a3a5a,0,0,0,60.032726,>500,2
\x26f807397390e6d91b940215fa71647f3c4d4395,0,0,0,54.15246,>500,1
\xace8976533f9197163810407efc0a7fa06a8bb12,0,0,1,52.43821,>500,1
\x569cf365b6e2ce601624aa115f8c84503f22b86a,0,0,0,52.37491,>500,1
\x1c175fdca70f2f1bbe04e3075aa9f968d35e6eb8,0,0,1,41.8443,>500,1
\xfc91f727333fbb224a6c78839463b0f372ece7d0,0,0,1,41.354,>500,1
\x046d749b3cf095dc2bcf9a82a9de43966b29cf49,0,0,0,38.28027,>500,2
\x4bd77e5637212bc070b6c1382b3bf40bc1a7de18,0,0,1,1986.940149,500-2.5K,6
\xa78fec82ff6a272c79447a634eec401a640163fe,0,0,0,27.325877,>500,4
\x6e0f19c2d538c2123b73b710c0bef48bd05bb040,0,0,0,24.1648,>500,1
\xa94fed541bdc4c82a02db3c926dfcc85d63d526c,0,0,0,23.3632,>500,1
\x3290603e448a2ce1831a4c4e68385d5e1531aced,0,0,0,2040.367,500-2.5K,1
\x3c7d5bb537abae440e0abe552342f422a4b1e6c1,0,0,0,2044.47120,500-2.5K,6
\xf20423a776011fcd1d83968fb143c60c6ab45ede,0,0,0,14.819,>500,1
\x78060a72d6085f39b00f1b5e3907284f9b136bcd,0,0,0,6.05616,>500,1
\xccb23a9bbae99909b1102549f9a96c2b137a60ec,0,0,2,4.2819,>500,1
\xd26a0a35321c6793e47eb602f1676c915caf111c,0,0,1,3.27449,>500,1
\x528cd3a3db61d0e325bcd486baeee8e7317206af,0,0,0,3.07325,>500,1
\xdd1c01436c4889fa64c02b5b17e10b987d66da71,0,0,0,1.7792,>500,1
\xeb50840cdecb7df40fa9fdb435922071865b65be,0,0,1,2096.5441,500-2.5K,2
\x354044d39f1e31109ecab3407b99b2ad5ed6515d,0,0,1,0.649386,>500,1
\x2e3179c194ef3abfaee73c38b45ef8c65b2137b1,0,0,0,2210.65,500-2.5K,1
\x90ff89c637fd1537e151b8ced1d1d0cb94e31ca6,0,0,1,0.238945,>500,4
\x8467f76ba0b033232e37c9b8cc4c28756400553a,0,0,4,0.00999691,>500,1
\x94d291e5c27bf39181f3c53f229639ec9bc4ad39,0,0,1,0,0,1
\xeaa9f18fcde4ab8d3e7c8adadb2d1e13fdd1392c,0,0,1,0,0,1
\xebf6caf61daf53dc92b6a9b030cf642fd4c1103c,0,0,1,0,0,3
\x371ea1e8fcb52083a2a6ee8bb44bb5540939fb82,0,0,1,0,0,0
\x99bdce51a4ccffc80d2e7082fbddc18ede6a7d75,0,0,0,2325.183665,500-2.5K,12
\x49087eb6f9529eb02a508fb820d7b4d0b52e4881,0,0,2,2441.376,500-2.5K,1
\xb3cfaa16368a907bf8f195e27eda60b0477a8a5c,0,0,0,2509.815,2.5K-10K,1
\x58944799b0fdf8f13f134724741967c45f329ba3,0,0,0,2723.932898,2.5K-10K,11
\x321bf3dbd56ecdcfedf5b053e170be6faf7293fc,0,0,0,2725.487333,2.5K-10K,2
\x1058093e2c47626e2eeacfa9d92053a3cad68886,0,0,0,2760.484771,2.5K-10K,4
\xbe13517a2b520b2449068d2ec45280992b04047b,0,0,1,2983.335,2.5K-10K,1
\x5c63b361cd0476d3706e1064b112f671de0dc23f,0,0,0,2996.86417,2.5K-10K,4
\xecd8c7abae05083c7bf368e022a311c24a11870f,0,0,1,0,0,0
\x23c14e77e980e8d90851c72678ec5f4255af7874,0,0,1,0,0,0
\x8864486c1be43143b2fb2992777ba0b85129f3e4,0,0,1,0,0,0
\x1f41219828d15fc06786aea5026597fba6247195,0,0,1,0,0,0
\x7dce597d43c62302a5a4be4444724a9c7b6b84ce,0,0,0,3234.024,2.5K-10K,1
\x8d6a531cf61f8182346f50d5beb79461cb58d5fb,0,0,0,3409.081833,2.5K-10K,16
\x299e6717bda29b742bceb3eb3ac36eba9ad9ab31,0,0,0,3415.67103,2.5K-10K,8
\x9506e7bafa7267c7c488f73782181438a16a023d,0,0,0,3426.039688,2.5K-10K,12
\xd441d20fa42972bf8945a052b53c167318308193,0,0,0,3488.135366,2.5K-10K,6
\x2d58e5e7380b801a0af9c133890981c5ede5f248,0,0,0,3654.85287,2.5K-10K,7
\x1e25af449af3a8a37b66367869ca7002036e98ba,0,0,0,3771.76265,2.5K-10K,2
\xdfc867d43bf3427206f5bf97ef14ce54daabee51,0,0,1,3812.7368,2.5K-10K,4
\xe9a20e2a6e4b3bfbbb108f0c105623a3ee665883,0,0,2,0,0,0
\x0ba44788377bf31e563e4a89057a5fee0c2ac5b8,0,0,0,4106.4057,2.5K-10K,1
\xf42ad66f4b66628584f2e97421a008d62a8f116c,0,0,1,0,0,0
\xb3a07d84b00aeaa79a2bac3cd196ab8a39a0c4e2,0,0,0,4310.718558,2.5K-10K,3
\x5ca54def2e421d51464d4bf5ba1f456416d41a0f,0,0,1,0,0,0
\x2e84c2e90afec8491f94dd477bd11657cefc7690,0,0,1,0,0,0
\xff5ac6cdf625f643541094dafc974c9417bfc13e,0,0,0,5297.24765,2.5K-10K,3
\xbe3e6fdbb7fc4f85a39641101dbd978d505f5516,0,0,0,5320.8105,2.5K-10K,4
\x8728c811f93eb6ac47d375e6a62df552d62ed284,0,0,0,5673.257462,2.5K-10K,8
\xc5b6561f3e615d7d08db6344403ee3bbfabbb8d2,0,0,1,0,0,0
\x4ffc3884669e442e5d2f687b2c70504d942ba129,0,0,0,6015.1363,2.5K-10K,3
\xca839b91f49009fe3115a1b11af55b2c4061e7d5,0,0,0,6076.387200,2.5K-10K,3
\x97b102e00d88f02debfd6b1e4b901dd6931bb982,0,0,0,6076.41352,2.5K-10K,42
\x0e440bd9798ad22cb8fd6f1a433f2f16e8786770,0,0,0,6138.593948,2.5K-10K,4
\xca29fe77497f8c93cae65a3b4698f0c1c9914676,0,0,1,0,0,0
\x7b397da5bd525aafc131107d47836304d65e446d,0,0,1,0,0,0
\x2949764c330a13a00b3b49dd36b1943908d04e09,0,0,1,6758.849937,2.5K-10K,7
\xc15e1fa990b4140878f5b4e96368b3fe5149bc89,0,0,1,0,0,0
\x9864afd1ba62375dc849c5648b338c976930d303,0,0,0,6776.998768,2.5K-10K,5
\x5cac404d11250cd241b719487f47e3d720873cfd,0,0,1,6999.07824,2.5K-10K,1
\x53c13bccd3324689c46e7de03a10324c7b1451f8,0,0,0,7092.23906,2.5K-10K,12
\x492218586846adf4a75c0000fde183b265ce8a30,0,0,0,7146.6542,2.5K-10K,3
\xda3605d79bc9e6ddef9bc8166c922cf7fd7c01a0,0,0,0,7442.00834,2.5K-10K,5
\xe5ab2df4b9f76ed7e4f345efe58435e655a01df8,0,0,1,0,0,0
\x9fb7563a1969f034e8feb83e499c967d31538e86,0,0,0,8300.34642,2.5K-10K,8
\xc6bef0a58a4bc54db89b8c2155b1c41be1ec2476,0,0,0,8634.235114,2.5K-10K,14
\xaa82c64b5799b4dfd7cc973adb9166a22882eaa1,0,0,1,8704.76763,2.5K-10K,4
\x4332cbc500a70b6031b7329fdaa58f3737f8f77e,0,0,0,9132.146465,2.5K-10K,2
\x3930cb7989f58afa06c5885862497190797c4478,0,0,1,0,0,0
\x5155684820ea801d3dc5f3f9c7bb01cf6a80c4ca,0,0,0,9484.7556,2.5K-10K,1
\x9b616ac1d31f17be9b23560d93699ca7732e2808,0,0,2,0,0,0
\xd3f8d4322d18f7320912c18c88c55b3c8cd9d83f,0,0,1,0,0,0
\x14786310da605118e09b20079b1bacf3e6bc499a,0,0,1,0,0,0
\x0aa3dceb1e65b8f7d3a58bed68054b1c81585002,0,0,0,10163.266185,10K+,18
\xf3d5e50098fe0820ab5a6e9b6fd1a6badbe9f816,0,0,0,11266.94625,10K+,1
\x6f3a6d9867d6213056b55ce52b55514215deb343,0,0,0,11549.60916,10K+,8
\x5a756d9c7caa740e0342f755fa8ad32e6f83726b,0,0,1,0,0,0
\xe60efb936af0c8f2b596cd1e2fbaa36a08e5d1dd,0,0,1,0,0,0
\x9669c82ab9e9589c1cfbc792bb3c2afdf595f810,0,0,1,0,0,0
\xd1570080bcb784b4f5e378dfd4cdffdfd6c110f6,0,0,1,14004.776160,10K+,16
\x73a4b191658d8b0a78a8001d79f9af03280c666a,0,0,0,14925.673896,10K+,5
\xb7828e0f8c1eee6a278ad1b0704a8df170ecd481,0,0,0,15204.810996,10K+,5
\x1cfc843e6d601bd79bdecc3cbc9e73605cf9a060,0,0,0,15362.79746,10K+,16
\x171c8be8b92674f7d7b0593aca4619a25a40b6f0,0,0,1,19733.368590,10K+,34
\x1f172f66730d2ef5cae06ede52f2c0c26055ba56,0,0,2,20895.755754,10K+,11
\x3904b0dd0373e8b470f3482be089f757ec6aa6b7,0,0,1,0,0,0
\x115df6f4f46c6dc5118717ebc5d94197182bd1b4,0,0,0,25806.862,10K+,2
\x5d81d4d59f0ab0a4163d8045ebf7777d4147df72,0,0,0,28287.31143,10K+,7
\x7b9044d2862e1bcf5212f9d41583c291cd5419f6,0,0,1,0,0,0
\x52997daff111bf2eda8a9123db937dc11b1292fc,0,0,0,755.53894,500-2.5K,3
