address,NFT_vol_traded,NFT_vol_class,DEX.TRADES
\x6d9104f626d7f4145dda92cf06c336f82f2135e7,0,0,0
\xe1f21ad5246a5b484c4925b26fa9cc77e4b99cda,0,0,0
\xb141803cad1cd0dffd9c84baf688c10c25f3a573,0,0,0
\x0c5babf16b3d6b265127b510d8700ce9b4247e20,0,0,0
\xc2332295cfbcd03531a77b00a019f39335ab8d43,0,0,0
\x327b9dee1830f8201efa751fd96f7b1ad0b300a1,0,0,0
\x24ca879e3f09e21cb3fe349e4faf56a8ff35779a,0,0,0
\x11c7ab8fb48077ec098b7eebb0781397d875236c,0,0,0
\x759320ecd4146a597ab703427b9936f34f741938,0,0,0
\xa2e7002e0ffc42e4228292d67c13a81fdd191870,0,0,0
\x4d3875545893e21bae6f1e0ab137cc2d9451bfcc,0,0,0
\xf1bc6674b2ca160361f73037a544f5173ad639aa,0,0,0
\x72b2cb558bf17f9e5aa40754a4e26ec480c07554,0,0,0
\x03a5bdbd5a37ee782e9203811d227342c3fcfb73,0,0,0
\x094e4b82a5722271546cca99c8c351bd840669ae,0,0,0
\x3eb72a65f9322d3f30167cff9fc9fcbb23d61cfd,0,0,0
\x84e0ad8e8ff4aa9e866ddcf1aecdf5754cb4ba97,0,0,2.727272727
\xb7ca8db84717c98dcf59be2b3a612e75ef5d54b0,0,0,0
\xd89fe1ed2b0bac7a27de004de595c0e43280ea69,0,0,0
\x0e20f1b901b56c8ac091111ed4ed4f8ba65432a4,0,0,0
\xeba06532a72bec44a1d33130aaa7c45c31e502f6,0,0,0
\x85684c11fd750506cd8783a7cdc19bc583ce62f8,0,0,2
\x8ce5da80ec7723fc2744af30f118dfcf88dd2c6d,0,0,0
\x6f24ce49bc95841d7629e3714cf80c7f9dbb43bb,0,0,0
\x8e279ea2c45c189558617a6067ead0accda7b9b0,0,0,0
\xa3b0d8a6227fd2a493cc8306ce3e1e1335342433,0,0,0
\xa2f1356191ca07dcc50c03465bcec0ec25089501,0,0,0
\x62f304b281b05434f1cfdd909dfd318fc443ff5e,0,0,0
\x9d0282c49f309550691dd9d230613815f8245671,0,0,0
\x842fcd1d99c0c3469022a51685dada5afa91a4e2,0,0,0
\x06a6e2c10f21ad2aa84b404fbdd4d0121e9a277e,0,0,0
\x520fe46a22aa0420ecb6ae10d2324da6ab41a89b,0,0,0
\xb328a96c16dd5598df8ba4570fdfa97b503115c4,0,0,0
\xd8c19b45061b8fc74136c06ee5cb464e6aa7cbba,0,0,0
\xc0c2429b8008b35ded73b53aca235c1d5591c412,0,0,0
\x9526818a8f5d997652c213a28cc532cf6b709aa4,0,0,0
\x1f41219828d15fc06786aea5026597fba6247195,0,0,0
\x38430336153468dcf36af5cea7d6bc472425633a,0,0,0
\xac18554be093f4cc4d86ec996fc5ffa8ea14ab27,0,0,0
\x48a49bc007416c066bbf0b1e2be277919338f722,0,0,0
\x78c0a25ccc21604b3d117100de7c9523f53236c7,0,0,0
\x235307cd9a152d06dc6bf9d665084cba109653e6,0,0,0
\x7c7fb6846e7633342eeef5bd236b54dd511dac30,0,0,0
\x81d6d74103ea8a46382435de0816c8ab6527a0d0,0,0,0
\x0bebe2165de412e7925ab8352e36f3b0493dd3b9,13775.66451,10K+,2
\x76a81325e0bdc64d5f1e28ecf8f6881cbe32cd20,0,0,0
\xb7562f12e41c762cecda99d62bd6eac7b0c3b4c1,0,0,0
\x5f4ef5c539a56291665fcca4e6b7a6446ad11cc1,0,0,0
\xa888f9f1df01c65d7b164f4e3368f482eda0ee8a,0,0,0
\x49a1a06e90cc1b80f005000da8c9cad57dc659ea,0,0,0
\xd949eb4ad3287ebafe9c518ce8a4a4aaf52340ef,0,0,0
\xa726d68fa1ea7e30caa3de2cdb2803f186b7f64d,0,0,2
\x7c416ebf039c492829d12f5bff7ebb05b4464cb6,0,0,0
\x1788402dd29ca037d11ad4b07a075bf72d862c2c,0,0,0
\xfcba0693fc16dcb2a4e8fa7ed3da31f5296993e4,0,0,0
\x124d05e1cf1316141463224e3b9a9592044ee325,6942.759573,2.5K-10K,2
\xc79a3019c824e512bc7c6f2d64c0ccac5308a020,0,0,0
\x8f97c9ba31097e5c0f96a492ecfdbf92be5b4126,0,0,0
\x8ed876fded3699c590be3e12cef56e23376eff3b,0,0,0
\x08b7ab9bbc3a07cf7f75b4acec5b536b7e040cfc,0,0,0
\x8c302250f1f5f4a933b7a62b52e998b0a40c3917,0,0,0
\x4bd0ba218b482a391a1e51cf4779ce04b60fd722,0,0,0
\xe8b0016130a38f26c116576a7b13267c9fb11b59,0,0,0
\x2ede0ccebfb3bf307dafc57ff700183391620a69,0,0,0
\xa3bb988e1b551df71c1e785415acb5d02043f934,0,0,0
\xd213f746d52002e3e84517790603018d7fcd2cea,0,0,0
\x4bbfdc8608ef4577411088ddf07dae6b6bc81d73,0,0,0
\x0cf30daf2fb962ed1d5d19c97f5f6651f3b691c1,0,0,0
\x0ba43bae4613e03492e4c17af3b014b6c3202b9d,0,0,0
\x8506f2a118221a74888aac2912dd7664067e70ea,0,0,0
\x6687c671980e65ebd722b9146fc61e2471558dd6,0,0,0
\x8728c811f93eb6ac47d375e6a62df552d62ed284,0,0,0
\xfe36132caa71c4b1a88b38b79373aab5e001457c,0,0,0
\xc48fefcff0b7c89a2ebb3b3891944d8089a1b649,0,0,0
\xacf4c2950107ef9b1c37faa1f9a866c8f0da88b9,0,0,0
\x5fe8b642fc18eecb93b12999025aaed6b5fd8578,0,0,0
\x3eaf7bd84eeff7445e9499956950d5cba285c973,0,0,0
\x06c4865ab16c9c760622f19a313a2e637e2e66a2,134.8660079,>500,2.166666667
\x50bbd57946008365c94b7a810ee5c91b7cdf5ed1,0,0,0
\xeaa9f18fcde4ab8d3e7c8adadb2d1e13fdd1392c,0,0,0
\xa96f69fcbf440ecd0a50e8bc351a59909398f6e6,0,0,0
\x5d8b04e983a2f83174530a3574e89f42e5ee066e,0,0,0
\x115df6f4f46c6dc5118717ebc5d94197182bd1b4,0,0,0
\x92a4f58009df9eac5f2af6d05977683639f0060e,25207.77529,10K+,2.692307692
\xd441d20fa42972bf8945a052b53c167318308193,0,0,0
\xfc51b44ae2bde7263ab14b56a5be1a7a6ce9e16e,0,0,2
\xced602b55784c1b5deab8caff64a9c9dbb7cf405,0,0,0
\xf3bfaceedb442e170f896d96e16ed01354c022bb,0,0,0
\x785931c5d331cabc1a98c52b8556d0502c8bf2c7,0,0,0
\xaa82c64b5799b4dfd7cc973adb9166a22882eaa1,0,0,0
\x0f62d09cd84b4469f58e14c32180d1d7ffc5e87c,0,0,0
\xc897f9b0b27cb4254e75e6763881f7ef70476032,0,0,0
\xac0cc4d76827cc8da164312bc7adf00e4a9ed42f,0,0,0
\x478849da9c519ded12d04ec6e896af6adf3cdd73,0,0,0
\xd48a9bd19d0b9dc2183be55cd743d8758f781a45,8149.100257,2.5K-10K,2.181818182
\xfd958503c1d12b2f9d5f4ba67eab8a604bd0cb67,0,0,0
\x5a81868992ffcf4200a85972c60151690af39006,0,0,0
\xb2f456886367c8e50566377ec6d9293d4da5bb81,0,0,0
\x315e1a5c796b734585c27e615b774441372fbd08,0,0,0
\x2c17c733cefc0e618850b546d9df53cdbfa29725,0,0,0
\xe15e365806ed3b2570455782dbec0b450354c233,0,0,0
\xb329fb5df5a746d037f3eafd0497d15cc5e193d2,0,0,0
\x1f14c2f40400471fb4a3aef1390f6bbbf2ad8f99,0,0,0
\x276dafa198cb35c28132e989a14af28ea1712175,0,0,0
\xbfee73e88b4257c6a13854c746f32a29fcb9efd5,0,0,0
\x13b28fd1df2ec7dc8efabe7f15e2e7a8527c6e8f,0,0,0
\xf9107317b0ff77ed5b7adea15e50514a3564002b,0,0,0
\x6a61857928149cb7cd2ad29251902787bcf9c3b0,0,0,0
\x907156d38e181f65d4d4f48099ce15bb8d2ff067,0,0,0
\xf9b3c583de855a7fb290eb248c39da5dff4aea08,0,0,0
\xd5102725cc00421854dd616a2d8769ce36017315,6679.013439,2.5K-10K,2
\x9452244fcd1acd78ed22776e1f8bcdd63bb0b074,0,0,0
\x73165a7bf621f466c63f6a0c8f08e969772c2a6d,0,0,0
\xa343330f1e2848f02d09ad0f197be4f75ecdfb3c,0,0,0
\xdda9dcd0965404288fc285183af8b879930c6013,0,0,0
\xdff4e623cca25e674edb0a1f263fcf5aa458acf8,0,0,0
\x3d9b79c03fae49ec81158312a7385d06590e35e4,0,0,0
\x26fcbc59db9f7698211c8f263a4d8953c5290457,0,0,0
\x25ad2667b19e866109c1a93102b816730a6aec3f,0,0,0
\x8362cb1c821b83ca0026099a4918668a4a52a504,0,0,0
\x059b254553bb97ca61a99c2bbdbefb594aa94365,0,0,0
\xdac28927792b3bb1a7a956fbfb19bce720f1c014,0,0,0
\x3c7d5bb537abae440e0abe552342f422a4b1e6c1,0,0,0
\x45f233399c7e79b459722053cf96cbe7155b206a,0,0,0
\x294388d7f62065784666f797ca6919a4b8cef4ab,0,0,0
\xc2afc9302b64085ff1463961a71f9bd5847f4345,0,0,0
\x721c7fffe9ac426a028e616677811f755fa99eba,0,0,2
\x1cfcac0ed7bd0258d678c2c0cc18b2f336eda000,0,0,0
\xbd0ef14bc1af4f728d4e009ec8fe619f20b7c3b4,0,0,0
\x88888888630a14a066db7943708032e8fa37a75a,0,0,0
\xa23d35b2ea78dc4a457d241ed2bad73e82e6c4db,0,0,0
\x3ce1e7a2b491dd5e545bca1a480ed1084712798f,0,0,0
\xd1570080bcb784b4f5e378dfd4cdffdfd6c110f6,0,0,0
\x10e19302240fa6b9d7c86a93781157e21f645a96,0,0,0
\x6e0f19c2d538c2123b73b710c0bef48bd05bb040,0,0,0
\x3dbadc86d19416ec16d81aa07ff2609e6241e7e9,0,0,0
\x459f9c4fe60c6100e65ecd639ba2b3f5b611418a,0,0,2
\x5ab380cc7aa52a97a927cd70a82703a07f97d4c2,0,0,0
\x0fa699182dfa78f1a22f8abd4c93923dce5d653a,0,0,0
\xc02cae8f6217648fa2bfbd08c2be94028969a65d,0,0,0
\x3c7676976600c90c8d106786d84bda4369f872a8,0,0,0
\x3c1d6deb260a173059e030fa29d053545e7bc821,0,0,0
\x8e1f868ebb90749dc6fce7e9f0e147fff59125d5,0,0,0
\xb48ed686918f33e4cc2e71c530ff2dfbfc7d5634,11377.78427,10K+,2.363636364
\x0aebe55030c3c578605a75e0fe1514ffa5ffd7fd,0,0,0
\x6d25eb10bc4d5dd9e596f2a5cc1e14923f47e190,0,0,0
\x710afef4052c2820059d13eb7ddc14700931cfe1,0,0,0
\xa8ce8d12aa7884707b2113606d67f6df26b63196,0,0,0
\xd74aec3555965b70204a2f07f5626509fd2134d7,0,0,0
\xbebd087a12cc28bc108245ecec608d1c04862c1c,0,0,0
\xabfd1ffffd163a449b3119d1b9bbefbcae04ba27,0,0,0
\x52a6ee7a0df6c541cc7bfd66aafa45748a962da3,0,0,2
\x955ffed16112ab04b087c4ee174da850aca03fa7,0,0,0
\xc9cd6316894870248c51a9496d9cacb159f89238,0,0,0
\x5ebe6914e5457ab8e16457cdb4277254ba6fc122,0,0,0
\x63cd5c7383ce8fe645e853db1813edbe54464119,0,0,0
\xb6bd1b9b3e6e3512bb354789289f6d8fbc0f65bc,0,0,2
\x492218586846adf4a75c0000fde183b265ce8a30,0,0,0
\xf42ad66f4b66628584f2e97421a008d62a8f116c,0,0,0
\x4d477f1aabcfc2fc3fc9b802e861c013e0123ad9,0,0,2.608695652
\x706d961ab69d54a0fcbaa13e77842279a5724139,0,0,2.222222222
\xf32b43c815ca2b35d1e1faa6b758df09bc8f9191,0,0,0
\x3e86eac93a2dbb4faeb8709d77d451aeda710ef9,0,0,0
\xf5726dffea33167134e4a4f52d4e8956b9d4e717,0,0,0
\xfb25dd458aa0b6f8b842dec26b84e9d479b47efb,0,0,0
\xc2b66053c5871c4512c7733bac07520acc694e8f,0,0,0
\x4a3e6e66f8c32bc05a50879f872b1177a1573cdf,0,0,0
\xd631b8ab622041242fe9255340c9e707df6d61a3,0,0,0
\x456ed3d0aab3d33f36ceb1bfbcce8ffd6fe0d64b,0,0,0
\x7a4c76231df9ffc2e95d4a247d05e4d954e21aca,0,0,0
\xfbabfd8f520e38d6e2178d018209453e86246274,0,0,0
\xa93d60f8364652ca12bd4bd3fe1809ea65f23e06,0,0,0
\x44e2f285f26bf65b5396873dd25b8d82a63e5546,0,0,0
\x13389316c576c3e7c9288c1c8f4929c470fa772c,0,0,0
\xe86e2fced3d1ea1a8ef2f1c4e1b6a38694439156,0,0,0
\x9503b823a21e113af3477aeab5bed9d17b4e1b56,0,0,0
\xe636c37c8161d1097090534e294cabae78dcdca3,0,0,0
\x11d0b9058104247be40744b1e5a708fc0ae8f7cc,0,0,0
\xf9710e525b75ce28b3fb98df42553f87261ccc50,0,0,0
\xae6779a4e97f4503ea14e4f8bd120529388fe463,0,0,0
\x75c6d4897835da6c32f74370e472c7ee2d916840,0,0,0
\x99d6d24012361620bfa1a3f16d4e745066fc7c69,0,0,0
\xa60dd9d42fdd43e91da63bd261997e14f21c69fd,0,0,0
\xbf83edba541786fe221beb20c81d2fefe5cfee2b,0,0,0
\x048cfe86325ecb012e4cc05495683e229eaca7ad,0,0,0
\x569cf365b6e2ce601624aa115f8c84503f22b86a,0,0,2
\xa181a3c3460ad5a2650f380352e3e68111e3d60e,3271.444045,2.5K-10K,2
\xb8832d516d0f3094b4bdc5400e36a2a6984233ea,0,0,0
\x1071a56413701b104f35fcd0a94822457e512114,0,0,0
\x682668912cb71471b87733e95a6d51af2d3b1da8,0,0,0
\xec561dd73346f761d1c09f46999bc8ea1b1e95a2,0,0,0
\xbff3d7fe8b734a0a9eedc25b70e1e9b763993ac1,0,0,0
\xc69ec94f3dce57b622d790e773899bc1d11a8074,0,0,0
\xe139ed266cd535b33f2937fb06cc21ec71d63dc3,0,0,0
\xcedae9684a1083f1de86eb8dad5bf89139c247ae,0,0,0
\xb310483a23104d08b048ff3e0f7d669c664a9804,0,0,0
\x493122d3a5485fd14fb6b24aa58da9698873f58d,0,0,0
\xa97276772e9a8d5408421d60c2749c68c2e2fc3a,13134.42323,10K+,3.25
\x0bd812cf2073d7c1371a974245a135503410766e,0,0,0
\x768c26e52234a0efdf77a033549fc074a6ff1663,0,0,0
\x55c464db5f62727439f1640955f911f5e5fb3433,0,0,0
\xc34ba57cf09648d1bcee7428ae9cc7e9ae7410c8,0,0,0
\xcda1a0ecd7d25b49ecbf0eec1f45f0b7fb59961b,0,0,0
\x6bdb3b7286210f06234f29885a721b9d4ba5d28d,0,0,0
\xfb8e459eb57271c1bbbe502d6d287cac9603777a,0,0,0
\x1137bc0780d8bff50b5ef6e3821713be8658ca0e,0,0,0
\x898364d971b4827a91de2702b88d7930e0574a38,0,0,0
\xc208934e867dfcdc10e5ab58b631d2c3185edbc9,0,0,2.5
\x0c0057af75d6fcb35566621e8639ba06755c4c29,7816.021022,2.5K-10K,2.180722892
\x8196cc36bb10f6d011fb60ce0f71badca3422bda,0,0,0
\x7452e7d530078dbd6a2ed65007bea00a4d60f138,0,0,0
\x4ecbaa7d2f86f2d78c04f49986ec2c57938752a6,0,0,0
\x2eb9a256e6b802a2cfc38b485e0b301214f29293,0,0,2
\x20580139460ed4c3cc7af00beaea9cbcd6fc7f8e,0,0,0
\x1be6eb4b0b216e10fb5a2ea72f792ddb0cc70df5,0,0,0
\xb355df7a527f215f51af23396c69094955840e2c,0,0,0
\xa783839c4fa4e7030866ddb3869db5355a820679,0,0,0
\x14468ea31273dc32042459d748f662c1caad29f6,0,0,0
\x51448923d8a215a5a8cd872a51f22c2f5c43b444,0,0,0
\x8b88581440bdbfacbbdec0a9e00afa31d31f7656,0,0,0
\x533a0ea2994fe49df6886f493231dcd161108e51,0,0,0
\x341dcd9e49fb06bc47858896f2e4cb7ac00772af,0,0,0
\xe53085d26544daf3ba8f66b2d1b108e285cc51f9,0,0,0
\x973c7026aff6f21b8df1d8228cb408c06ff7c7a7,0,0,0
\xd3815588b090cd966fa078134517eb091ea5a22c,0,0,0
\x97b102e00d88f02debfd6b1e4b901dd6931bb982,0,0,0
\x5dc7b81e5c66a8d821b714f181d2197f9950d3e5,0,0,0
\x5e4c3ea7178163515bd90991ae5dfea5b4202582,0,0,0
\x398738f63ad44302c5c4e718bdab6c1da2a11cf1,0,0,0
\xb30845c026325b993530eb89b3654fd596b5f2ba,0,0,0
\x66c844593c4d4859ae3cca5cf23040506f8ea801,0,0,0
\xddf920f9ea110e1a8030c4015d17291c7befc079,0,0,0
\xc15d7ef92a7bcda3d64b1465947bd446d671ebb3,0,0,0
\xe784226260d2e0081a9d55cde9384f6f3d8caa99,0,0,0
\xafdfa849e4d2fb2817fb14d2b60201c333758556,0,0,0
\xa489bc3d18d0fbe73e574c4b327d84ca7e383b0a,0,0,0
\x71124ffccc0b3ef102e092680cf173ac8fdf1bb8,0,0,0
\xecd8c7abae05083c7bf368e022a311c24a11870f,0,0,0
\x7b6292d81ae4bef5b20d05817934205d61707559,14286.39253,10K+,2
\xcdf91269d4e4bba12f8f3c82be7a13e4a1d4b3bb,0,0,0
\xd6803a63775e678a346d5c07cf101aa01dd88734,0,0,0
\x5ca54def2e421d51464d4bf5ba1f456416d41a0f,0,0,0
\xd6f1875bc1b9d0e8bcec7da22a22bdb359082ae7,0,0,0
\x8b5d493fb9817efa5b81a85592c60a7c8df38db7,0,0,0
\xafde46e61d89e564cd3200cb2e32d6ace5c77f53,0,0,0
\x6545a8cb2d809f8488e89480df5055fb176aa318,0,0,0
\x9fb7563a1969f034e8feb83e499c967d31538e86,0,0,0
\x0dbb0cff7c9515fc56d352ee37aeeefdf43b25fe,0,0,0
\xd498b7af967acb1893e86726bb7855232739215e,0,0,0
\x3290603e448a2ce1831a4c4e68385d5e1531aced,0,0,0
\xa3d4da2c3d6da86ba95d6649789d5b3a41e0d66f,0,0,0
\xb3cfaa16368a907bf8f195e27eda60b0477a8a5c,0,0,0
\xd05c9152117bb6244dbe5dc3bc23ff9ead8b0ce0,0,0,0
\x84e3e0f568ed68b4f6827fe797444b3d5b1fd8b5,0,0,2
\xadd3edae5c20ebd91799b835517eef0fab264b45,0,0,0
\x4daf43e8141df32787137f969c00c9a1548722b1,0,0,0
\x4060c69936e04075dc6170c4d5b1fe3e35a4baab,0,0,0
\x9a266a857cd417eb8b7e61f9c3be45591c841361,0,0,0
\xa297a06221ab3c846354e7fb1b37eb5da06bda21,0,0,0
\x93e459a7fa7886ce52993a48445646a1342f1bf0,0,0,0
\xd9ec1e5dc096e92581ce073053fe422614904714,0,0,0
\x9fa7fd8d9170f0dda389922e6c956800d5149924,0,0,0
\xeba6120492c505b6211caff86c7757d1df58e8a7,0,0,0
\xd61daebc28274d1feaaf51f11179cd264e4105fb,0,0,0
\x9eb22561e56c9c700a990d6ae3c6245b9555804c,0,0,0
\xa995e316d4ae8c6d65dc055b68d0292fa0d24fa4,0,0,0
\xb10a6500f4148e16e6bc05a5ea3089fd3d57f157,0,0,0
\x3419bba3bd8573963605247ef1f18bf1258d4732,0,0,0
\xf20423a776011fcd1d83968fb143c60c6ab45ede,0,0,0
\x86ce032489383ec0564bad2ed868048f0b1030f2,0,0,0
\xe8e83ddfc373bbbd22edf5a80a30ec7ded8f2b47,0,0,0
\xf16dd2cb327ed8fb5a76de9788dd2fbe8a99d43c,0,0,0
\xbd6f7e7c84361b248bb72d40170df5007641cc87,0,0,0
\xa14ef0e1c1b3fe72706dc5f69ce0595e9dba0646,0,0,0
\xc3142fcd6260bb1f310686276154ee6ecbad06ed,0,0,0
\x5ad9af22b0b2603d7f9d8b8fcc4d262aa6f5de87,0,0,0
\x51470680d9ab003a53a81fe7bcd9f3f85ad84069,0,0,0
\x3347fee5910775b1c4b164d411dc517d7499a68a,0,0,0
\xc7cb1dd7b1aaade4a75b69e472c3d8314af4ea4c,0,0,0
\x48dc139fcd166a7d9696f4e8362dee51a57a1431,0,0,0
\xba74a065689e87d82bcc5dce6bdf7646ac83499c,0,0,0
\x08896945c5bd65cc8c216e7efd6969b9cc306ed5,0,0,0
\x421e974b7bb831359050e5511db8e9df9ebdcba5,0,0,0
\xc3f7debf793001d97badbd056e038fc5d9424689,0,0,0
\x26f807397390e6d91b940215fa71647f3c4d4395,0,0,0
\x3f47751c0412fd3bf48cd3b29aea249e58f0a959,0,0,0
\x910c60c049d833a7fd2f5bda310bbea1c5fa3598,0,0,0
\x3b35690f4bdb3e99feb9eebbd6df5486550e176f,0,0,0
\x17712ed0cdb349b91168d736a7f30887e1e395dc,0,0,0
\x36d74b81006732a0b24218a562b6b6c774c91113,0,0,0
\x4bedc3d156d5f3df3da48559cac02810f02b6fa8,0,0,2
\xd2b2f14e25ccf9e7d62611586c2fee55bd96436a,0,0,0
\x351be771eab8c8c5115928ecfb2ab758f512b555,0,0,0
\xf971d9858f66582d4c470859c48324f7accebfc5,0,0,0
\xbf37a2f4f1eafe152e8336465cfaad1fda44b588,0,0,0
\xc8f796158bbebf7cf27237c622b9ff1e5b9cc735,0,0,0
\xfc91f727333fbb224a6c78839463b0f372ece7d0,0,0,0
\xace8976533f9197163810407efc0a7fa06a8bb12,0,0,0
\x5a45fa1d4ffc1428dc50f9df6fd1643f1012a39d,0,0,0
\xd8de315eb7a00f4155d1ea9eb4eb6888ae715631,0,0,0
\xd2abd7a3333395a1ed7e54c67edf43ef934033a1,0,0,0
\x175256f85a43d02a252c3e2b953fa8efdff9972b,38089.14838,10K+,3.769230769
\x0df58d7d446867137824975d95b2d3235f5d3955,0,0,0
\x165842f312afac412c0e501050a908bf11a0c224,0,0,0
\x8cd3bb4fbfdfee013af5ac9c46f0c22746b095af,0,0,0
\xd172b0f73413f36b32fdb7c2a35aaf51571f2197,0,0,0
\xc635ebb012bd96db82ff7b6e38dd3371ef53f7ab,0,0,0
\xb24156b92244c1541f916511e879e60710e30b84,0,0,0
\x86ead5e10793a1e7034550b16b255c371107b550,0,0,2
\x70f9e695823a748d0f492c86be093c220a8d487a,0,0,0
\xd2f91edd7dd5388737552d18d99555313dcd78e0,0,0,0
\x363abd787ffbb039a51716b756eceb46881788a8,0,0,0
\xc4676e5e99b823e54b3e6c32c8143bb441633eea,0,0,0
\xa54a24f7aa6538ec46c8cc5ee9aed158c0624ec1,0,0,0
\xa2486e3e0964801d9e2519e324ade753c0c41f2f,0,0,0
\xe19e26becff917f057ebb35217fdf4ab3252dffe,0,0,0
\x68e858455ef7cab11152d1afabc5c106b690b014,0,0,0
\x6facf564dbafcaf142cce4fbea8fca108bb42408,0,0,0
\xec891eda8071654be1269d479199101fffe64016,0,0,0
\x60613f286032d55dc9909e609ef198110315e85a,0,0,0
\xd26a0a35321c6793e47eb602f1676c915caf111c,0,0,0
\xe1cd5ed7ef48b42ed56e9f94a1d0f61d35192244,0,0,0
\xc6bef0a58a4bc54db89b8c2155b1c41be1ec2476,0,0,0
\xe742238845698542cb54a760328c99bcc20e6154,0,0,0
\x2e5300eabf71950b00ddd6a59690cfd8852ad3b9,0,0,0
\x97976c252888c174f66c618dbec6a03bb613e8c7,0,0,0
\xf998c7c1af3c58efa6900b13469fc187b9db0cab,0,0,0
\xb9e62c014d644aebde25c253d0d8e3a40c83de47,0,0,0
\xe8cd4cb68dd4c79d118368f36d8564f3134c180d,0,0,0
\x2a26d0f54987989e0609bbd1e4c1cf4c9aa5933f,0,0,0
\x169c9ee7c2684e6be5b87c0854f0cb3c600f320a,13002.55993,10K+,2.666666667
\xeccc484dd4093f62fc24c4725800013fbc2c1d15,0,0,0
\x6ce300cf658f5f9e825d428e7d2513ecc0f9fcb3,0,0,0
\xc94fbca51171b7caeb6ab632bc0a355249d7719d,0,0,0
\x8a1890c305b1d583dcf19cfd208c52c23fac8d74,0,0,0
\x2ca50d4fa4be631ebf96c4c9dc1f11812e6e4ef2,23560.5018,10K+,2
\x70d43f3f858aea98dc54306ead97e98bcf571b1b,0,0,0
\xd0ca55b30b657ebdf10bd289e56218006139b28d,0,0,0
\xa2277f4ae7e6380de426fa334b05d4ceb39f1d47,0,0,0
\x73084e4338a64d73180d039fae40a0e92b105f35,2948.650261,2.5K-10K,2
\xda3605d79bc9e6ddef9bc8166c922cf7fd7c01a0,0,0,0
\x743b091203a0fce407febbe13c63b2de87db7bf3,0,0,0
\x1cb00ec6262f6262ed88cf96327fa137fc7af09e,0,0,0
\x58dc53f7175fdd30c70ab5717c6e91edd8aed017,0,0,0
\xb8cebb8bd64b10ffd2208678bbdd2673e6582243,0,0,0
\x24908dfd0cc30008370594b85b8c43b2611c0302,0,0,0
\x1028c87fee6b56e9e0643e5865f82ced6319bd3d,0,0,0
\x9ac41e441131d8bad5f165c2a8dd71e5f7bfaea8,0,0,0
\xc8cd1567acfabfcbecc76776cd92e0b95fb3a806,0,0,0
\x2a40407b333e8d24fa21d48fef078035824f6a2e,0,0,0
\xc2c93a56e3a6fe97927d238d12ceeb3a45d3dddb,0,0,0
\x8d3acb9d83752be7af10742e6764cd0cf15659cf,0,0,0
\xa2c943092a8d2205721ba21c842cb94c40cb5215,0,0,0
\x9ce2345707bc2eaf6015b879f30cbd301087c0b1,0,0,0
\x9f479ae664f0beda22c64e5f48a150a6f85acb77,0,0,0
\xca4ad39f872e89ef23eabd5716363fc22513e147,9992.949871,2.5K-10K,2.25
\x668540812466219a4cf9ef22151bb7e513010f17,0,0,0
\xc1ff85c123290878d8fa84bfd123b3c81909fe22,0,0,2.5
\x00de3a8bdee6e682c3509d66a947d05a8ca797af,0,0,0
\xe9a20e2a6e4b3bfbbb108f0c105623a3ee665883,0,0,0
\x3c6788be1c8c23f6c8229de295dff3785e85b348,0,0,0
\x416d86b9360bffa9de4f880a4b3557f1dc28c643,170.2261986,>500,2.333333333
\x506ade0a94949db63047346d3796a01c09384198,0,0,0
\x5f855b107afaadf722cf9611b82167a272b4acb0,0,0,0
\x5b172915fbf880db099b9e14635630e29d134ecb,0,0,0
\xf1839e02962c4ff2830c1a211da5f492ad83fe4f,0,0,0
\xbcf224cb3771bb32b7a9d49d573375ffa5e29b9d,0,0,0
\xc49bf165b98a4102862ff607ae60f9675b156ac3,0,0,0
\xad9083c6cadc572988efb604a87e86f8de205bdc,0,0,0
\x6b07d4ace5bc9a690fda9ddeb5a0f131fda0b257,0,0,0
\xc639aa72af23ae5ac40287e1ec5fd5c98c61d5a9,0,0,0
\x51b3dd026e3837352d7a0efb431c62c1862d0d4d,0,0,0
\xf30fc56264d65f241d5b2f0c861bbff7555656b9,0,0,0
\x107a6578ab250f79f9763fc825e8d6cab0d33c6a,0,0,0
\x971bbbf3d2aed41756aa7e67a04116c3d98ffcf4,0,0,0
\x1d8e302e451b6698f000809dcb7f51ae4b708936,0,0,0
\x2949764c330a13a00b3b49dd36b1943908d04e09,0,0,0
\x1ed71ca675436a301a10a3adc53e00a7bd2145a1,0,0,0
\x68cd0f25968c541966737430b79219d99aef7c85,0,0,0
\xbc4bede6fae83d2ad830d7ad5ab86a6c78466cf4,0,0,0
\x17f2f651d2f4171642dcc13e9ad9c9afee9f8131,0,0,0
\x708621fea6a3e127f775886f4fcc5a7edc6cc736,7058.391097,2.5K-10K,2.296296296
\x9d55dfbe0cebdf2a88883efabf523ea9ecbb8558,0,0,0
\x5a375320f86c456d6b33498f8958531677dc880b,0,0,0
\x6868ca9a013d8765864b6a41da4bcb988dd99675,0,0,0
\x28becc0eec396a0b882e7a68028b25078b91ba85,0,0,0
\x2d054602f39ee2285fdde7300753e9484d42adbd,0,0,0
\x79afbd4b5606efab1ea25315734e035d92328be7,0,0,2.571428571
\xd5a191afe4c240f2ed31049aacaf5eba4112e041,0,0,0
\x3310bf03fd4906ac516502b52fc1fcd241c4b01a,0,0,0
\xc03410624c083468d97df3c56f56033a8d111680,0,0,0
\x2d2a094b3bdbe6d53d91f0b031746aed4ac5cbda,0,0,0
\x477c2087f3d6e49b1be5c790a33b3a025a4fa569,0,0,0
\x4768a15802a38f13020138e706c0f56cbf5b553b,0,0,0
\x952c23f8f067a5e7e165ff0e42491f51d87dbc95,0,0,0
\xc598af80cf61539e2df1ed657afac2d7c76601c5,0,0,0
\x28425420e14f52ece14dcf786cf85e273313610c,0,0,0
\x79fcf63bc28b68c8dc768d254d40ee19749900c3,0,0,0
\x53e262aa44d9fd193be60ab035c41f97ef4eea2a,0,0,0
\xdb3ec7b16fd60fb4fdb58a438bd8af57d8d3a91c,0,0,0
\xb47e289befcc72b066f0900aacf16bcfef5861de,0,0,0
\x38a7d735aca3c939f189a92f41cc1f34da2907d5,0,0,0
\x169604c0eac7914016f9ecd018174fc860d02dbe,0,0,0
\x1e38f714ae87a73bc6e8c18b148841255ab81a3d,0,0,0
\xea0f1f68d7c3f580a80e170a21ee0ce34cdcdd17,0,0,0
\x61cf236593f58879b05c63641a92c82978181c5f,0,0,0
\x58944799b0fdf8f13f134724741967c45f329ba3,0,0,0
\x1905c219482c168a1f016d84446bdb6db3ebd8d1,0,0,0
\x14658e3d24f926f89cc6d2d4761e3eae83c58d93,0,0,0
\x1c175fdca70f2f1bbe04e3075aa9f968d35e6eb8,0,0,0
\x0299cb22804ccda6eb64b5c891de04d9f526cccb,0,0,0
\x1ccc21a91acb97520268f5140fb0c30c696d15f9,0,0,0
\xc3d4cc590fe1f6b0af5324faab05d3bd1cde5bac,0,0,0
\xaa6c7b556449e1d5a75b6322a256180edd1c8edc,0,0,0
\x00ad3d4cc099be937879451698c673cbd5c3cefc,0,0,0
\xbdb9c076a38c64f4a03e5ec00c9f78278fadadd9,0,0,0
\xf48aad72890060f020c2158006885babfc3b9c77,0,0,0
\x8847ebaaf29a18396e49191602f8d8d141b98aa7,5352.148896,2.5K-10K,2.166666667
\xf3f3d96ad5b8554ab4c5b45a0e1d5111e95671b4,0,0,0
\x4a2f1806f6f07d783653d87e0ece19020df78a37,0,0,0
\xcd5561b1be55c1fa4bba4749919a03219497b6ef,0,0,0
\x2cc5a915d693dd97b0fb01d11a4cccb077fd8102,21012.74322,10K+,3.666666667
\x2dfe8259e14b591d63a02ad810cd502c29d56292,0,0,0
\x5c182c4089770d1d1cf4a2f9adab651ca833b0f7,8626.858146,2.5K-10K,2
\x45657c8ac5a9b7f74e7b60c2ed3ca16f975e833b,0,0,0
\x896002e29fe4cda28a3ae139b0bf7bac26b33a8c,5814.379644,2.5K-10K,3.391304348
\x777c86972819dc421f648d9a154c6bcf6760c2fa,0,0,0
\x76024694ed557264719683b0ceab8df1a572262e,0,0,0
\x53d8adae895d92c4e5a190356a2eae74a75ef774,0,0,0
\xd917eb4dcfccf91e6496702bc6309d5a59eef713,0,0,0
\x1e25af449af3a8a37b66367869ca7002036e98ba,0,0,0
\x1c3be20a226333e26833618b96e9d10aa741da6e,0,0,0
\x55ebb129ee36484da3978f5d54f0886bb07f1efd,27298.37607,10K+,2
\x02cb44df23e2a5840eef59dbed570aad6401d3fa,0,0,0
\x8077008a7758e33bd84a8d6c74989de036587f8b,0,0,2
\x300871c1c6024f8f9a7afe3bf22f3d538c8b96ae,0,0,0
\x8fa3232ff0a45de66f1810096189a0f6f4ea8724,0,0,0
\x91096b323e6bb3aea9fa31a787d00a40ef56d2c7,0,0,0
\xcaa99118985ffcd519ffdd63d19c07c7d83d6979,0,0,0
\xd2d653ee3ab7fcf8a437c776e044da5417e00bb4,0,0,0
\xe427f4202c3d43cf2a538e1a3ed5a34b63d07150,0,0,0
\x341d2d099d0ad1986ce5e549a1a15631163877d6,0,0,0
\x871796b6fc784bc50606ad16c8099aa9496eed10,0,0,0
\xdca688b9693a0d2f98f4a9e89b978978005b6570,0,0,0
\xab7b49bacd43bd4cfa41433d477f690bb9e1fb26,0,0,0
\x6ae68bec21aec25fde2c910b1ce6c40553eb8cd5,0,0,0
\xb471f3bf049b06598411f059ccf716c883801f69,0,0,0
\xb112aac0ae15914ec7c6525147133c402614f12a,0,0,0
\xbb7b3649f0da7eaf2728f55f3667c9947fd1046f,0,0,0
\x82513ba428c3fedab6dcfdfad5b7ebcb5076ffa0,0,0,0
\x5264ff09db69dccc79c278b9d55a4771fb9c2b87,0,0,0
\x85ef6932088e4f901ac4f0e4346b358fbd65d4ab,0,0,0
\x00af158367a6fcdb1a367f6d503e05799f340881,0,0,0
\x0bfadb6d346c7b28cdba26fc73e722b1c5dc144f,0,0,0
\xa38e40797faa6ecbcfa4a64f14c7622d090e8a31,0,0,0
\x302837cc3fe963a731dd5afdbd49b6c160a68b15,0,0,0
\x48b211039586619b04cfb3b040cdd12165e3a9cf,5757.316478,2.5K-10K,2.133333333
\x35f36467ca7c6d1b4e33e5d183aef9a01486efa7,0,0,0
\xb89b619e3f6c35019d4be83e92e99e809af8ecb3,0,0,0
\x6e02f9ebcbea1d919e77d237cd32150d00f41b03,0,0,0
\x9ba6baa919bac9acd901df3bfde848fe006d3cae,0,0,0
\xbce6053b60c5913f4190c95f629f473be0e379aa,0,0,0
\xc5b6561f3e615d7d08db6344403ee3bbfabbb8d2,0,0,0
\xaa6444dbaf86f16b894ef29d2fddff7ab7cfcd43,273.1721408,>500,2.333333333
\x030e691d39e2dda9ffb32de5f49fdbf9f590ef00,0,0,0
\x014607f2d6477badd9d74bf2c5d6356e29a9b957,0,0,0
\xb197bcfd992ed6c07effe2ad662d63706bf10762,0,0,0
\x58d4f668f37ca6d3667d0a4ebbacc3f29d4b3bef,0,0,0
\xbd519e8de5ba2e5236339866504dfc92be77e233,0,0,0
\xa9414408ba3d1c31f15587d098e0b60d55f68fa5,0,0,0
\x8b104344f397afc33ee55c743a0fbd7d956201cd,0,0,0
\x64b857f38efe672d8938a1022248e7ce94445255,0,0,0
\x14786310da605118e09b20079b1bacf3e6bc499a,0,0,0
\xe00908de74fc9dcd49a5759c654a52c812a58264,0,0,0
\x96a0ac12fc6863f959be2a3728a829f8efe0125c,0,0,0
\x3ec25dbbf90468979c25b45d9f76abaaa59dfca2,0,0,0
\xfc140d481f05cc2683e5fcb22ec3ff5d93ece715,0,0,0
\x366e58737164430af4aed2856840be9bb148bdc7,0,0,0
\xda4023f9a8a876db1e2e0d50257a24b86945648a,0,0,2
\x42ca45b785d87b8375dff176555c745b27d69da5,0,0,0
\xd03ad690ed8065edfdc1e08197a3ebc71535a7ff,0,0,0
\x9be426c8a28ee7ca935b5c27a4bc2395640c9378,0,0,0
\x06ac46a081e02b3a8d4dad50b62e90acaea23a95,0,0,0
\x0c387030a5d3acdcde1a8ddaf26df31bbc1ce763,0,0,0
\x434a316b54a1a45d02524f0a8bebf8a27c3ec715,0,0,0
\x1c85d6ae1336d0e4e3f165bbfa9641bfa04cedb1,0,0,0
\x38a48b784dbe0a5a784f971eda83a9550ddf8300,0,0,0
\xded91aa5e503764c8f2c24d1042078226092cb24,0,0,0
\x696d181a7961ee66c42f1ebeddc0b48b106c45ad,0,0,0
\xe8f4e1afebfb4e88a0695ccc3259bbe52110a27a,0,0,0
\x23c14e77e980e8d90851c72678ec5f4255af7874,0,0,0
\x17dfd18987b6b131686fea478600b75d11193335,0,0,0
\x5a756d9c7caa740e0342f755fa8ad32e6f83726b,0,0,0
\xd32b0a3d760fd00d9fe44dc7793a5fe3c028159a,0,0,0
\xee620a0991d57f464aad452789a4564ba51245e8,0,0,0
\x7558899d8109d8a2ce457837ade56c3d6ebfe90d,0,0,0
\x1334fdd8ae0694168785aca024768f1d99b65ff9,0,0,0
\x32ae4db3201e581b6ddc5ab3a1acb2d3285a2dac,0,0,0
\xaa634afa9e085f64c100979d8fc40545e644352b,1407.351178,500-2.5K,3.25
\x23ffe77c28e2a3300d90568ff46a9863e33bc2bc,0,0,0
\x17fd68f4f3035a1b51e6e662238784001f76a8f9,0,0,0
\xf7e51d0e55b6793fc2865c2a7e8318aba864e454,0,0,0
\x131975ca3e75259e60afeb1cd34051a6804da505,0,0,0
\xbe498c7a06819421bb264237ae7a85363850d8b9,0,0,0
\x3251a00ebdacb9c4539c3e5d46f620054999e0fe,0,0,0
\xb17f37452ccf77e56062256831d506ed36bd962a,0,0,0
\xd95417aa3023043931328d5a3baa6afd80379510,0,0,0
\x826ff781d5ad5be90413c488196a74e50c0bdb7c,0,0,0
\x9e596a18308096a9ecc4da5f9d0d34f6f3bdebfa,0,0,0
\xbd23497f0bff23fbeea70cd14d923ed08c5e480f,0,0,0
\x6a9540518477fea00b998bfa2e7c967ca853f209,0,0,0
\xb1562332930f33ff37ae32e2bc126d62d8690bf3,0,0,0
\x968a0e5603c5d4dbf24cbd7df562921d158ad19c,0,0,0
\x931e76877118c84f1d904295971ce383ecfed5f4,0,0,0
\xab43c10ab9c613eb2f7f0282ccfafd36969e9502,0,0,0
\x455839e1ffafe624051de0b89d3eb2930ea4d69d,0,0,0
\x5d75201f7d0f743aa31e64930d504abd5af826cf,0,0,0
\x2911c43622e9939b6d1f0f677d92b4bd95acb90f,0,0,0
\x1dfe55387ea71ee6acbf15c4a619f48dd6713ba2,0,0,0
\x4d246e41d7131ff60cd533c13bd2aafce7ab1265,0,0,0
\x66ad6ca79ae559d768451c802e74e89390e8570c,0,0,0
\xb5611a2ffc654d3f3410341a325dd126e7f803b7,0,0,0
\x8864486c1be43143b2fb2992777ba0b85129f3e4,0,0,0
\x698613a5761de25d33ed75dfb287e6c1f16d4244,0,0,0
\xd12defb3279003a6656023135edc975ed4d918b4,0,0,0
\x0dfb596b2b071c581fce96ef2299ce4f7dd4a842,0,0,0
\xd00ce90662ef9a1025ee36e1fd115faf7768213b,0,0,0
\xde3cd140e3218753f9b4f30eee4675ea5d976179,36197.54662,10K+,2
\x7bf6a0060317ee6fa73fe0849f29fbb2275b9fe7,0,0,0
\x8d0172e88bd400884708318bac77bc69f76ae082,0,0,0
\xd6235188927691b7c0f5752585fcd6e4030a20bc,0,0,0
\x7885a8a5c5ecf65879ef881471cb349b175a7f84,0,0,0
\xb523338f4dacea953565bdeb800fef9bbc5a4694,0,0,0
\xde0cd5b5259657ce57965e624cd48c4cf383a7ef,0,0,0
\x7721f140c2968d5c639a9b40a1e6ca48a9b7c41d,0,0,0
\x2cef35ddad95cd702ac8bc9ef423abae9155ee1c,0,0,0
\xe12776d24fcf00c2966dce5bdcec284236901c77,0,0,0
\x2e3179c194ef3abfaee73c38b45ef8c65b2137b1,0,0,0
\x58821511c2360c543eebcb5a2bbdbef064097430,0,0,0
\x01f653058536d36bac0b16b90075f1f2acd83f4f,0,0,0
\xc013122ef9df0e92c7654878908c47f63a77c247,0,0,0
\x4101ec64896fa8afda5be145b6321275bb375fe0,0,0,0
\xadfda5e88d3642219427dc8278029b17a7df5ce0,0,0,0
\x93cb1193f316f218eb2daf0c7b958913da39b699,0,0,0
\x1ba1ff69f03d38af7ef40e3afdc53ad073eb4642,0,0,0
\xaba1aa0cf3755ed43fe6acaf24abce6c26496322,0,0,0
\xbe13517a2b520b2449068d2ec45280992b04047b,0,0,0
\x10faa4db982b861ad4be47b2b94c5b4c6f1969d8,0,0,0
\x0ec34c4ce8ecae920f3c62a1f3b6ee3b8c14a20b,0,0,0
\x29db953a27d602889ab11032bb1505801c987c49,0,0,0
\x90ff89c637fd1537e151b8ced1d1d0cb94e31ca6,0,0,0
\xa7c1ffdd40705b56785b31d48ff355e7b6f0336d,0,0,0
\x548b4a7b042fbd4aedc2b640047214d925a1f435,0,0,0
\x9fea4c4e7d5f237053df5b5664b006ad2c2093a3,0,0,0
\x9160ab7ee16e69aabf910c41c46bb798c8f9546f,0,0,0
\x2b1c66f6d779b6da734d67255be2c54db2e18977,0,0,0
\x0482d6bf3b83470ee4ee87c20a98d38249138e1b,0,0,0
\x51b05c06e1079babb010c3db487634089045389a,0,0,0
\xc72aa47c9ae5c72520f6aad34f24ba166cca46f8,0,0,0
\x6f5eba1ecc26b8f1203a1d32116f286fad383a2d,0,0,2
\x9acb177c307fb6df4518f50ea763e988fd30952a,0,0,0
\x3bbbcbc1c0b584f61ed746096e7b67c6bc2dac93,0,0,0
\x7b9044d2862e1bcf5212f9d41583c291cd5419f6,0,0,0
\x1775cc97e5c05fde8b571ef75ca52d0a9ff19025,0,0,0
\xe7cf8fce5e83e07e56e2ebfeb7651f459c47217b,0,0,0
\xa82d931a61804fba200f325912a2ef7a536b46d1,0,0,0
\x76282a2d0371118ec586c6c203005e090f365cdd,13818.45999,10K+,2
\x980e2bf8368b26e070d12438c3ce9ab8cac60c65,0,0,0
\x6c85553e86609ba71f646bfdc506d65981a4a2d9,0,0,0
\x4afddbb29f642002ffabe99aec97b561f806b768,0,0,0
\xedb7af625443bec75d53544e091ee3492ede8bc2,0,0,0
\x0a771437ee59dcd30429dda71a1a011db8957bd1,0,0,0
\x3ec44a823e07555b5f889d8d954eec736eb5865b,0,0,0
\x4121dd930b15742b6d2e89b41284a79320bb8503,0,0,0
\x7dce597d43c62302a5a4be4444724a9c7b6b84ce,0,0,0
\x0c399a9ddd1823aeb29feff3d061095ba6df0533,0,0,0
\x209ee01ba022892748fe86d834d4147d219ef139,0,0,0
\x8791c9057566af6f55f18fdbea4465e1b1ee2f8e,0,0,0
\xad3532392b4a3d427f3af5c7dd3b3dd882f74439,0,0,0
\x12fe20de6b441f18ba9a3c9a7a78c9bd16723e8d,0,0,0
\xee7f85b62642b9e2c5687790b5b4df9fc7f7442f,0,0,0
\x541ffd67537185cb4abc2b028795c2bf4ac6c45f,0,0,0
\xca9a335d08a6e3ac6947f7c8f06ff1acaa5adc87,3005.424814,2.5K-10K,2
\x639822107482dc6a1a406f36f6a80a8d4f462918,0,0,0
\xa96cbc4c3651b25aebf9ec28d478781bc366bac7,0,0,0
\x7e9ac27cb54fded3f7c1e28abf760879b1461624,0,0,0
\x603f9f25ea89f465e36e2e9a9eb13289f0e7dae8,0,0,0
\x0b335956386168deb1b18b860ef8aab99ad60c28,0,0,2.333333333
\x82d989316b5acbddc75fcee1344bb8dd83f7fc2a,0,0,0
\x21d99bbbc49846fc9864931a0c3fdc296999aeea,0,0,0
\x8073c62366973b9960f4561f6a72c5826b75e828,0,0,0
\x52279c47c6d504636f3a5469e8c5c9933cfa6420,0,0,0
\xc136fcfb1667e5e882b94941efa104447f248560,0,0,0
\x8f93047ae288f88a5a554a0962a5cfffebe4c6ae,0,0,0
\x15b56359a31b7a7dd51da0de9315142da3b0c4a5,0,0,0
\x61a5a1f7101c83e61f8f4746d5bf36253d8a4085,0,0,0
\x3420c19bcd121e6febcc20fd502b14a71c2f857b,0,0,0
\x4646870d5379936f95220fba9cd2d4d17ab2e18e,0,0,0
\x7d4053510c0e2ce0f127cf890fdb84f1a36cdc6d,0,0,0
\x0a347720a175ae6d6aa4652871441d6f95a6de0c,0,0,0
\x269e07eac18b3681f3447263c28a766457ff074b,0,0,0
\x57ddab0ca4f0c49553228c180ec660ac1db99328,0,0,0
\xbe39fe921d056769ef3657ec9003d235bf5c381f,0,0,0
\xbb67bce8d0e63082a5a349b35439f14c167e08f6,0,0,0
\x391985fdf0f28de092027d52763621221684cadf,0,0,0
\x72979fcb6b29b534c1213a267f14bb23e84fdc8d,0,0,0
\x5db63f987817910bbb9656b5210990408d3831fb,0,0,0
\x5691df0ddc35ce430856a333566e2b19b7c9abcc,0,0,0
\x183b55b55127d35d3424e838aad045692045a144,0,0,0
\x207053a23d86fe3697dc073461f293894a931a72,0,0,0
\x4b9e866fed412465310a9f7ab4e045b99be2f1f0,0,0,0
\x57abaf36d6d09bdf1212b1bf375e80f16dc212e5,0,0,0
\xa2eae2a749103c5631d5525d136ec7b956dd7c85,0,0,0
\x88f011bb7fe88a8f26193099cd62dae7d6e517f1,0,0,0
\x8dbfa751e85ba82ed3a89df4ed9dfe472d879a89,0,0,0
\x2b03088c22ae484ce873f21251a2e6fd0509ea07,10713.84942,10K+,2.153846154
\x362cf0c258973d56f5a3c04671b1579e11c2b0c5,0,0,0
\xa99d480003d622dca2d16468c48a2feb634193ef,0,0,0
\x6ad093bd6c0813fa2ecd4346d9dee5e3f7c44802,0,0,0
\xa263a0484e89c25873a59f2e5c089fa42fef8e58,0,0,0
\x4dea563a60191c7231c8c557623b320a36ebae0c,0,0,0
\x7eb315df9df153fa9b5eb6c66cc08a59b074d858,0,0,0
\x4e4ba1179403e5927908eaeb829303c7835e7a91,0,0,0
\x42acf5773af88b0e49f413e10edf9bcef93c3805,0,0,0
\x5cf9b7b2306afcb80c13c0f512f5771cd1e27cc1,0,0,0
\xbbb76fadda3aee3ca50ff13a03a102985e591d6f,0,0,0
\xaf4858ba6edaf0c2121051c361ec8c898606185c,0,0,0
\xe6321346078f6500c599786f20713c5aa8b22867,0,0,0
\xafb6336f84adfec7bbf0de95797b608d4815733e,0,0,0
\x8a3e323d498d3f81a1a2c48a436e892886f127d1,0,0,0
\x8a6d7f7f95df0c607560fa497bd1886e9c092ce2,0,0,0
\xb2e5abaa7ccb1228d9a8f63e8442a94f4112bd0b,0,0,0
\x750e0cbae6e9e06dd7f4592db49ba4cdb462f7f0,0,0,0
\x334c5b9f732174caa4b7a67d2178b7e74a527003,0,0,0
\xbd19a3f0a9cace18513a1e2863d648d13975cb30,0,0,0
\xbf022b19a5d389b0129bc6d0856051ad4838f986,0,0,0
\xda66ec4ce8740f9a0e77723c2e8a71a8d4d27ea6,0,0,2
\x8a5847fd0e592b058c026c5fdc322aee834b87f5,0,0,0
\x9885a84930e3c8c865a1d3debdc204f990bab7c3,0,0,0
\x1da2b5573ef050f00f453358514337c62dc9e469,354.6014247,>500,2
\xb48d6c33a96f5519c82569b478fcd723b3a94a2a,0,0,0
\x2bb6f794fa75dba6cc43e04c2e8818569bbcb830,0,0,0
\x1d5340448b8eb32b1fef1e263755c1ca8bf6a05a,0,0,0
\xbac79de245633fcc4fb32c19bc0ac93f406c9950,0,0,0
\xbc99c4bd93c24db1bf553f2c7f9348be639fe5b6,0,0,0
\x382ae54dea67a529b88a8180f94707e9b0741ab3,0,0,0
\x95d8ac20b2377a00fcda7cf56709c4570edd40b7,0,0,0
\xb36617313528b5f5e195f681ffc87ed84273a92a,0,0,0
\x8c69f8d2f360d0bd12cb73b92e90a380e32987bb,0,0,0
\x99f48381512caf3b8d274287103e41bf1bfa9870,0,0,0
\x48826e6ce6c8709e2c08f7fa961f613a9c1deb87,0,0,0
\x986a1de622305f441a3c763036ca06da417ffff4,0,0,0
\x615b044b6ccb048532bcf99aadf619d7fdd2aa01,0,0,0
\x83b1ef2e373e58f4671f5756c74e8142dbfbbbe1,0,0,0
\x5b21188a831c0520411af8cfc5fa20eb159a396d,0,0,0
\x3a09b783e8e3e0888b24d689a23e0f6b69aa2bba,0,0,0
\x2d01964aea138c35433a29aaf96669796f884fbc,0,0,0
\x3f85ac6e64708d386a49ff25856333895fc543c1,0,0,0
\x543f1c2e2d5f45456a0135bbebcc73f4e67a26ce,0,0,0
\x046d749b3cf095dc2bcf9a82a9de43966b29cf49,0,0,0
\x2fe59a3d4379a127adb934bcb9fcccf2c770eb97,0,0,0
\xccb23a9bbae99909b1102549f9a96c2b137a60ec,0,0,0
\x90f5cca4d9063abaa36604c7e045893ed707b62d,0,0,0
\xc21a7fcc250cf5ca58708ca3c80889e7076c6ada,0,0,0
\x1b1d023696015e40be026e1fab12a9d64f4bc1b3,0,0,0
\x354044d39f1e31109ecab3407b99b2ad5ed6515d,0,0,0
\x5b8970a3cf1136f09957c7ccd9b42edd3c0153ab,0,0,0
\x65331fa9893357a3c0459eabb7866babd69c376f,0,0,0
\x4894ad749fa04444cbb2ad68a0e041bda1fbde0f,0,0,0
\x08a2615cf81852d6e31b6eeb7c3d3b613be8ab99,0,0,0
\x45208c10e922d932c0a638e7d8e92307fc73b40b,0,0,0
\x768d9b49c6e5a8154f725b0b2c650841248b7148,0,0,0
\x0aa3dceb1e65b8f7d3a58bed68054b1c81585002,0,0,3.2
\x48c3932347586d9354553c3a4ee76858e34d0cac,0,0,0
\x5e745aace240dffa2358c2b47f3eff4a3a85e12b,0,0,0
\x8874df42bee72cbb44279d32443623291ed8b116,0,0,0
\xdd45ca901067d65860b54d4310e37371cd92fb09,0,0,0
\x2c201cb39140e21451e71a2a272b6b561f13b9e4,0,0,0
\x0b0498e4fb7817358fee5b20501db0ce7e40ba36,0,0,0
\xdc6657a6e3ee8ec7004dadd99a7a030b975556f8,0,0,0
\x9b616ac1d31f17be9b23560d93699ca7732e2808,2161.40247,500-2.5K,2.205882353
\x862687eafba7a988148ef563f830e8b66fddfd8b,0,0,0
\x500e5eb0cf12736f237604bb90ee996a24def620,0,0,0
\xa6dc6b722bd4ac05e198936b5df26b6a87a010b9,0,0,0
\xdf9a768c27f03d1b1b26c965dad4e7c78ae79dee,0,0,0
\x66e9f0b2079fc5acf5583d394436c9e21a9e9c57,0,0,0
\x54d759cf295a08c10d63758e9f4758db691b3dfd,0,0,0
\x335cf242c672121baca52f686ae0a7f4e31c1e31,0,0,0
\x5cac404d11250cd241b719487f47e3d720873cfd,0,0,0
\x83fe5c3e4c020d80ab35b25cd40bc7cd3c66640f,0,0,0
\xb188daddde4df91fd4cc4aadc5334873099d4b94,0,0,0
\xab6a56ddb7d7060f1ba3b2134f3af9ad551e132e,0,0,0
\xf2664dfa7924d9f3895349bae785027ab9da1c87,0,0,0
\x8d6a531cf61f8182346f50d5beb79461cb58d5fb,0,0,0
\x60c1a749c390d2e18ff84ebc17c74a28fac0c6c9,0,0,0
\xd5c5623879ed4b16aa300b813b658cd0b538168b,0,0,0
\x8b8404af81777466d9ee876c93e949ac2e38a861,0,0,0
\x1c6bf82c79cac58eaa6962513027a142417b99e8,0,0,0
\xeb449ec00f73860fdfa659feb79005065351119f,0,0,0
\x0e2b29408e475567eef4d0e729915f2a38521844,0,0,0
\x171c8be8b92674f7d7b0593aca4619a25a40b6f0,0,0,2
\xdb5d099a6d2f2bc090fcd258cc564861d552c387,0,0,0
\x2f8aa20f6a042af0e696a53ade86f55cc5c06eb2,2335.225698,500-2.5K,2.4
\x5dac9ccc215b9af65b486066786f79d9aa0043da,0,0,2.333333333
\x4fa4167b3c94a80416bbc768fb919bf3ace9f8c2,0,0,2.818181818
\x0e440bd9798ad22cb8fd6f1a433f2f16e8786770,25536.73479,10K+,2.4
\xc134f280c35dfd5ccd47ea1584e987ab64389fc6,0,0,0
\x7773a2ee2461226000646112331ff43315f1e055,0,0,0
\x177821cbe97b3eb0a20de1fd534bc7160cbcd76e,0,0,0
\xf4844a06d4f995c4c03195afcb5aa59dcbb5b4fc,0,0,0
\x8d216b875b5a1355e5938cdef73b503231a81c6f,0,0,0
\xcd75942b66c1a82d7e04f65a34ce7f93791fa8a8,0,0,0
\xe60efb936af0c8f2b596cd1e2fbaa36a08e5d1dd,0,0,0
\x4bd77e5637212bc070b6c1382b3bf40bc1a7de18,0,0,0
\xd059ae0a5036b3f98c27b1a2d69f982bdb1a3a5a,0,0,0
\x75ba5ee883c2ede43282bde16e38d6ca8edccdf3,0,0,0
\x63bf83c11c50627f44119336a3c2f616b7c65228,0,0,0
\x57d82ad14ca9d2d01a9b4842fd87cae48c2274fc,0,0,0
\xa495893ceb72ae222d1e34d2dc1872b83c47d5fa,0,0,0
\x8e2a89ff2f45ed7f8c8506f846200d671e2f176f,0,0,0
\x6c13fc8ef50144a21702415d57ece0a09879fcfb,0,0,2.25
\xadbb884cbe72c934bf54b29430d73c5e844ffcca,0,0,0
\xab3a82c3b116e6eb82fca87c4ef432d859d856d8,0,0,0
\x7bc1cb8e6d6efea608c89e528594b00275ed4aea,0,0,0
\x09f02da0a216e9284c28a1e6c04ae2315196eb3b,0,0,0
\x20061f7d038ee614c9688b899e1f0cb63a4e921b,0,0,0
\x4f4892b239b22e57f4722654b5beec58bdc94994,0,0,0
\xdf92929fbb271a5dbb5eccc8cf84ea5448077d02,0,0,0
\xf78f2bba5ea14419ff7cb5e68d192cd214ec049e,0,0,0
\x8d0b66f09e64d6376b45ea12df244f451b20cc45,0,0,0
\x9155881a99c41620edfc889e18ec180cdd567bc6,0,0,0
\x459da68fbf9e09c30ccdaacc377da70f4ea7bd27,0,0,0
\x9dd2fff980a96934ca022f4fca2b6c2652bbbc4d,0,0,0
\xc53104efc160292eb9f4dc52c1a58d3ed54f9faf,0,0,0
\xef373c29b5761d84782f5888be73a9a2a5f93149,0,0,0
\xac6e453b964714200f353d2b435df5bfd2393d71,0,0,0
\xf74709b52c0e108ecfe56fa364175a779d3c059a,0,0,0
\xc4a69b137d22b52a36328f3ac6d5aa9984faab8e,24564.55304,10K+,2
\xb08f95dbc639621dbaf48a472ae8fce0f6f56a6e,0,0,2.184210526
\xaa1ad4784c1f3099447d85e97aa551614bcf601c,0,0,0
\x15d693444abd97710437de8b9bc271137994cf5e,0,0,0
\x013e0a9ac418ca71de2b3b8ae7b67fbd13f2ab4a,0,0,0
\xcc707819708a144713dad266f22836ee4379ffc0,0,0,0
\x22536213791b04d8201ba219665dab3835d993f3,0,0,0
\x6bc1f021fa9ae918b12a31c83f0098b16c59cc64,0,0,0
\x1a27881e041737bc7ef5c616a8af08ec7e51db40,12788.43117,10K+,2.375
\xa3141ccb226e557bb50baa1fa61e8f98b6f93934,0,0,0
\x3a07527532785e508587fc1a69394d5cb8c32a2b,0,0,0
\xb83a2b9929cf97146d7881ff8abbfe738700efc1,0,0,0
\x2168577af945529fc223e3a2f6d55cc68d8f294a,0,0,0
\x0c9bc432c1b470282ca284bd31edcfce9af2d733,0,0,0
\x40b217b7bd9db65c58b7eea33b6b20879b1b3b16,0,0,0
\x0f516d127e320dcc06ca634965156feb1a979a74,0,0,0
\x576eb27cbf54518d3de5a38ea7746ef6a9b8b5e6,0,0,0
\xf7f720316e258ac0747877ab023d9724afecb5d0,0,0,0
\x03894d4ac41dd6c4c2f524ed4417c90fa46972c6,0,0,0
\x7c7ecab608b0cf22c36886cbc9584619b9fc2e6e,0,0,0
\x5b78f06123ee99dc8b21d4e1ef51afe08059d5ec,0,0,2
\x3d21a58408c47dd4631da17d1c492d06acfef085,0,0,0
\xb1e6cf9f87a0cdc408e83d81602da27f0dcb6636,0,0,0
\xb4649484e2e3c4f1b689f9df327c2248b8203eb4,0,0,0
\xe74acf3b57d092db0e2f71f0435bab6ed95c3a72,0,0,0
\x27c7e978e4da4581588bb40a521d5a7a6d31b33d,0,0,3
\x26f81725826b886279d9a7dfd45785197b0c484c,0,0,0
\x9eed555a7b54471a0808cec8d176980323674bc8,0,0,0
\x00ee80c322d6e956d2629a73223605bbda946f2d,0,0,0
\x9c8aeb616de1f4c86d0211ab680e896bfc7d0ae0,0,0,0
\xcb30d07ed69b28224d590688f96454459861dbba,0,0,0
\x86beae41e798b3f1114d6e26e944c5c604c32ac6,0,0,0
\xefd975b6e2cbf5a7285d3a5aae275e2e275ce77e,0,0,0
\xa28992a6744e36f398dfe1b9407474e1d7a3066b,0,0,0
\xda4c79ccfdcbfa9128b1e328f77e5f9c6ad72a44,0,0,0
\x19c04ca80c4168ea8ab469a0766a858d7172b320,16671.48243,10K+,2.35
\x906c9dba4db793d84b535c3712b79da63368ed3c,9678.293192,2.5K-10K,2.5
\x77a80028a50a7504604646ee51586a721f52f07c,0,0,0
\x7884f194cd4b952af8da41bf4f4a91e92a25492e,0,0,0
\x0f8361ef329b43fa48ac66a7cd8f619c517274f1,0,0,0
\x16bc93428d68b05158c5f80fee4234b6f0a1a336,0,0,0
\xc398f4c0e22c86b5997c089244f8e335ab3edefd,0,0,0
\x780f3308b5eeef72135f2843a90fe64cc0698fbb,0,0,0
\x416365993481e52e0472e7417656276d4e147a00,0,0,0
\xaca4ab44dcd2ec6982bb5238bf1daf268c159699,0,0,0
\x7f7bac92aa3e28351f9e89535ca334e8a44542d0,0,0,0
\x54e83ce35884af2e263952f381013757218ecba7,0,0,0
\xa93f416e8452b131a3b5f235be8790af2b3fec57,0,0,0
\xd135550c6ecee8d9e2953e498a570c2d5c278d82,0,0,0
\xa35052158dfcad805b7faa4ea63225eb39f07678,0,0,0
\xfaf6bb8f1a300130fb9dc582dc8363a50841882d,0,0,0
\x6f3a6d9867d6213056b55ce52b55514215deb343,24254.4161,10K+,3.333333333
\x8752a7aea7bad6087871e441a5b4c3952f2f3a77,0,0,0
\x402d130c64bca6aeeddda244687bd6111b06b310,0,0,0
\xde46215e67d35972f4c880d59969dd08a4c9fa28,0,0,2
\x1754352eacb753327fec2d4f48f0fb36b672c5e0,2130.551492,500-2.5K,2.25
\xb49c54edfe1cfe5ac83e74b179474f6224d0763f,0,0,0
\xc2a622b764878faf9ab9078ad31303b24fd4b707,0,0,0
\xdde3d150941ab60c2958993039d47cfe3c10a448,0,0,0
\x2c381f3d211d911b475818402aa2f70d7e17bc9b,0,0,0
\x3904b0dd0373e8b470f3482be089f757ec6aa6b7,0,0,0
\x456b066e0eb2a5df2f57c7e717de11baf26a9c19,0,0,0
\x4b881b87ee88754e0023957aad7bf9e4d2fe0d96,0,0,0
\x15ebd4d7fd09edc550477740b88fc10b19d2314a,0,0,0
\x643975577485140014d5cb9c776e6d9b4ccee526,0,0,0
\xace32e36e3f0ebf08c793bcf390e42831c5dd449,0,0,2
\xce5ec10bc6ffff3791df0bbec3de2e697fc2ea56,0,0,0
\x72c1c388a38699b575d3d2ade0da57e984346db2,0,0,0
\xd45672a1300867a072a4c5a8d3ea8e9f41f85ada,0,0,0
\x823948435ce93d196d6649ef6ed9d96aa74ba7ab,0,0,0
\x1f4dc26f26262fe6431c6ff1bd304affdf600289,807.4962759,500-2.5K,2
\xde9672bd224c1386dda61db911de733f8e1eca9c,0,0,0
\xc065f5d649cdbe291f67d282b31e49eefa17ef11,0,0,0
\x83a448b04de68244c5d888fbbc0fdbccfa220627,0,0,0
\x14987ba7b4dfdadbde5c4b43089e0c47110cbd97,0,0,0
\xd90f3172a341eec24babf777cb537d24f6108e30,0,0,0
\xe5f55468585ef91cf1a87aa3af4c830fa7ae78de,0,0,2
\x8d41a8fc6c7a6f07ce60b421f0f24c958e09211f,0,0,2.75
\x86ef46edde4b1a735192a358889c831d01cb84c5,0,0,0
\x64efa51222cfa21215011029d4ebf39b59f0bb70,0,0,0
\x94d291e5c27bf39181f3c53f229639ec9bc4ad39,0,0,0
\x463d49199abc1def3fe7dbccec5a73f668bf5fb1,0,0,0
\x3f3a2cc56fc928712bc800e82b5ae3179ce550e2,0,0,0
\xd4ef1aa497a13118d3874b65472d3f7f613f0fc9,0,0,0
\x6e176a32694df2758bbdef02577197dbfbb8449f,0,0,0
\x6c99c45b39d1cddb61b272798ea1da2cdac9bcc8,701.7081654,500-2.5K,2
\xe7eddaa6bd37849a8a39cd963b1da137032c9146,5694.417657,2.5K-10K,2
\xc4fb550fa8f2a6e5178711e56d5b48dedf897e5e,16665.75208,10K+,2.5
\xbf62319147a6fb8dcb9bd907b890195be6929222,0,0,0
\x99bdce51a4ccffc80d2e7082fbddc18ede6a7d75,0,0,0
\xa1457afa30b8e396cde5bac320ed7c8e7b521bc8,0,0,2.285714286
\x7f51c8447ee363d7be2705163cc81f524685a008,0,0,0
\xa6036189af87dbc8ef7a1c53917c71647ab80b3f,0,0,0
\x7d1d27469437970400597980be4bb5e84976efcd,0,0,0
\x1df428833f2c9fb1ef098754e5d710432450d706,0,0,0
\xa186fa35ccde3b23c8a0582363010e2e07f2fc22,0,0,0
\xbd1f7d88c76a86c60d41bddd4819fae404e7151e,13418.94046,10K+,2.096153846
\xc465316264b9fc846a346d38819ca21f0fac871f,0,0,0
\xbb7eb5d86b83dc11304d46632b65a7f6e41a4f64,0,0,0
\xaa4f503603ab26d59a0f42cdd1cbe52f0cc96388,0,0,0
\xc433aad58c7af965a5ce7a3647286e46d333812b,0,0,0
\x2fc3fd7c06adfc48736122ea33820038cc16dcdb,0,0,0
\x1f2beaf8439039dcec062fbe056458d34f529f9e,0,0,3
\x6f9326c6a6021858e437e400f2748168734fd71c,0,0,0
\x8d2a9f5e630bbc008ffbc80b695afce1af79cd5e,0,0,0
\xb969957eb73bbfc2721984e8608a82e3e139a963,0,0,0
\xf7a91d78d4d3f1779cdab33e56b5942b27331fe1,0,0,0
\x5241aa99a776866296d1d695c02bb2e31b3ff998,0,0,0
\x2140cd8cdbbc6183356688bb5047f5b849ee272e,0,0,0
\x693ff9f59ead16361e36f3139b754412541aae56,0,0,0
\x25b65e29930d163e93cb6a6a9d3a37cb58640f06,0,0,0
\x4ffc3884669e442e5d2f687b2c70504d942ba129,0,0,0
\xb35e71b6a5aebb07dfc3aa705968411ebdbc003f,0,0,0
\x3511748c00b6b2dd9f77c1141cec9c0bd7ada5be,0,0,0
\x4472bb74c21974ff53b6bd2e1997db3a7cd4666c,0,0,0
\x8f3d7c5cf34d33df17627091ca16f129e91395f5,0,0,0
\x4df5eab795e7ecb93d81aea7ccddcee13211e99b,0,0,0
\x7de4ffa6081d4c1109979418343d6efbd2343f88,0,0,0
\xf484dcd112000fd70c075677a84eef410e5de117,0,0,0
\x95c00d2cf32edba4cfec2ef6086829942aad70a0,0,0,0
\x8a17ee3fa5107df11bc569482f112b8461c5fef6,0,0,0
\x01b7baa7baa864fef3cd1c7bc118cc97cedcb33f,0,0,0
\x5c46bea054385f6a1de80c75d19083604dcfb963,0,0,0
\x1e382f6ea6badf81e18d79dca42cf3d23b5f6ad3,0,0,0
\xdf71cd86c1df6b932ce92df265a918a385f91337,0,0,0
\xadef37aa14ef396167982a3c547a0c796c01f28c,0,0,0
\xa4dc2788bcc832095bba2b148a5d98d0dca270a6,0,0,0
\xf0c0d3a039f7d61b03208b431c836c12f5d3e10d,0,0,0
\xd2ea42a69287a0a1bacd9259fbbd61a5db977248,0,0,0
\x83c9440dc34da00c47a0d4dc2b598d7bdb1b53f7,0,0,0
\xf83abc519e046c5391d219fabf1a3c87dd5924d3,0,0,0
\x6b545f95840093eee6c26c766b33822e1ec9de7a,0,0,0
\x624b54d7007aa7dc90fdbf9e7ca424710a23b2d5,0,0,0
\x95f50cf888dfec90321dc376c1e695f15b081595,0,0,0
\x2d58e5e7380b801a0af9c133890981c5ede5f248,0,0,2
\x4a67e845ea0e2c8b770449132fcfd304218a2fb6,0,0,0
\x2ce1a66f22a2dc6e410d9021d57aeb8d13d6bfef,3536.527942,2.5K-10K,2.473684211
\x443d1f8a358b8f76df166e7c59afd4cba70073c7,0,0,2
\xd3c76745e9427a75670ca07b6d233815ade82d3b,0,0,0
\x55f5429343891f0a2b2a8da63a48e82da8d9f2f6,0,0,0
\x175631f8948f909bf82cda52e731f522157c4f28,0,0,0
\x1bf555e99b9056e75f5752ebf6593c4929bf5d50,0,0,0
\x7506e3d710c4005c085f548c70ced46ffd5447ea,0,0,0
\xae3cfb4a88c5dacffff1978b7ae696e111b2c6a3,0,0,0
\x4953b5f3980f0fe8584f84c9a1ad93013ebe29c6,0,0,0
\x49a3c870ccb3985637da5dc80057b4fe5658f326,0,0,0
\x82f1291ce66e8be1d53c2eace07872007f8afa88,0,0,0
\x58d1c86922d050a129c78f76f1f91e73cf8b51ac,0,0,0
\xc1feb0b7d66a3d43a3bdd6a13c28a58bd701fc7b,0,0,0
\x8620459f4f82a495a65672db10e3f952f46bdee2,0,0,0
\x54cce2fde51da89356a3a5522af39e9c2169d4f4,0,0,0
\xffaae7e8484236d620ec9d5fe6115a0d18dc3bdc,0,0,0
\x2802907ab681298d35ce2eaf2415550137c40c8a,0,0,0
\x5ba0edfce3208250e6445c7ae875aec8502e6292,0,0,0
\x1853dc4fbfe3b29012ac6df6ca44b4fca0aa1959,0,0,0
\x301309d481a8c95efc681dcb830560606178d3ea,0,0,0
\xa76894da9a28ed79741e89fcd8c38ec00b1fff6d,0,0,0
\x9a44394ffd96a78d0b5c5b2f5dcff6052c70176d,0,0,0
\x5ee9b86f3d4c48bb5c72927e1e051466d5b0a41a,0,0,0
\x49e53fb3d5bf1532febad88a1979e33a94844d1d,0,0,0
\x43f9c4c6592853fc6e87e4280f84ace6a344d8e7,0,0,0
\x8d77bde0265162bd008bf333ca1b0a1676f9696d,0,0,0
\xcb630c28658d8b4f0509d628d8d947e6f95ea20a,0,0,0
\x7ff4f8fe1dbbba8dc27103359bf96e97a4d44114,0,0,0
\x89316291aba44042001b871ccd4d685aac0a0cd5,0,0,0
\xf8e7ced72ed5a1f289c068e6990931e3e6354b71,0,0,0
\x75ca45395213e62db2906a1653f601072c63876c,0,0,0
\xe89db26cde0fcc30a05068c80d64158371ccb021,0,0,0
\x100fc39390242d559f0ea028fbc071d4a108e838,0,0,0
\x51ec15594230ddf21a7ea5a4ac392bb8dbda527e,0,0,0
\x45452d8508356dc9619f23eab6932b4aab1946e6,0,0,2.333333333
\xb279c1e70b55f8f297f8d43158c5414a183b31e8,0,0,0
\xab60ec1a43c5fcd24d2ecede83652a8a49cbb6a8,0,0,0
\x73a4b191658d8b0a78a8001d79f9af03280c666a,0,0,0
\x0229a3d4fab214ac8ae4fe6a5bb1b7279592ac9d,0,0,0
\x9a3aa8a638f8e67ff73ce671ac49bc3d2eb69538,0,0,0
\x0da9cad19070e287498fe72c3c9ed657db79de1d,0,0,0
\x5e6406eec60dfb5f99a5c32ebe0af462b8e6c64e,0,0,0
\x7bda037dfdf9cd9ad261d27f489924aebbce71ac,11997.78834,10K+,2
\x081ab2fa7f8f4d9e89f017ca1195b0cc75245aee,0,0,0
\x642d38840ebfda55911f83b1cf8b5fcb1d5fce36,0,0,0
\x3adb265793103492149157648de01b87d1211d2b,0,0,0
\x501783e585936116220b5028c4c22dc9fdb991bc,0,0,0
\xd3844212d481c135bcd2659a0a1de4075b0d31f5,0,0,0
\x1acea492e78dc5d2ba007ff0a68f55dc4bb05ee9,0,0,0
\x9330ad6e8bb144c776b7b2c2cbab1c8f71ff1ff1,0,0,0
\xb5c1213ee9ddf312c98f6e94caf5c421c86abff3,0,0,0
\xc58d054217281e665412c45271319bf951f4fb2c,0,0,2
\x963deb9191d6a7dc1fb3891d472aa358b3e4b140,0,0,0
\xccc93c66c6e80bf3d68bc63f546cbb42ab4895d6,0,0,0
\x85162b355eee83ed8d29c3cada25b80ca86e80d1,0,0,0
\xc78444fdffc4010fb84be2a6a4d1626f7c195f6d,0,0,0
\xad794c165a8f2f8ced466d4a551f5e942255b387,0,0,0
\xebaac94eefa3d7d7470870f34ed8f0f22a85b16c,0,0,0
\x374d410f0edf510562aed617e8de0a47baf5cd60,0,0,0
\xf78c3a7514055c8fdf95ac594eb2f27784e807db,0,0,0
\x7abbbf772e03c789f0fb03e465ad8a5b462d0bcb,0,0,0
\xc10898eda672fdfc4ac0228bb1da9b2bf54c768f,0,0,0
\x7a7a5fad8c4107ed0959191e7ff36ba82d4ea2f9,0,0,0
\xbb37868971982822218a10d750603dbc5ed7386f,0,0,0
\xb149827a0e8e7826a4cce3ecaf2e74ddc42b14f8,0,0,0
\x04a6b171582bf89567aa91780db5ad2479fc383c,0,0,0
\x9fd0302685041a2da452a69af947d3fcc8db75de,0,0,0
\x9137af8c25f00598afc6addd97dbd1c390770444,0,0,0
\xa07ca2990027fe923942dabd5680d4d6b5765bb3,0,0,0
\x80407bbc071c34ab9ad0683c74903aba676775d7,0,0,0
\x528cd3a3db61d0e325bcd486baeee8e7317206af,0,0,0
\xf935861a8b8cc6867eeb463d97b501c69d177092,0,0,0
\x8d470921050899284b451d6a65f4204eee4aaf8f,0,0,0
\xe1b400b95a1d6499ee03edfd4854a99caed885ee,0,0,0
\x819ae34d9362ecf76824cec54435367ca87fba6d,0,0,0
\x3c329f1ebb707c6c2fc3e4e3ab4620f932891ec4,0,0,0
\x76d2ddce6b781e66c4b184c82fbf4f94346cfb0d,0,0,0
\xe58c140284021e51024ed4196c1593628567bb6b,0,0,0
\x57acfa872803a93c691334abddc4ca0ed84d5f26,0,0,0
\xeffaa947af692245e1e6a4aad1da086b13ac54a1,0,0,0
\xf226018b76f2f7cb45ad5829a7eedd4214580a3f,0,0,0
\x48a9789428f2067338d02b1ef3612df64f05feb7,0,0,0
\xf320187b3aed99e8e4a550c899cab45460ea6298,0,0,0
