address,ens
\xe18000d69d78bbe80b3a5cecca512a78012cbf4f,1
\x26f807397390e6d91b940215fa71647f3c4d4395,1
\x5c46bea054385f6a1de80c75d19083604dcfb963,1
\x30c008198f4046eec4196e4581998e617b27c7fa,1
\x1e382f6ea6badf81e18d79dca42cf3d23b5f6ad3,1
\x8fa3232ff0a45de66f1810096189a0f6f4ea8724,1
\x1cc85869e9d187e7456b9276eb1519ebdb09b095,1
\x99bdce51a4ccffc80d2e7082fbddc18ede6a7d75,1
\xbce6053b60c5913f4190c95f629f473be0e379aa,1
\x12fe20de6b441f18ba9a3c9a7a78c9bd16723e8d,1
\x0bd55d236eecbdaf01d2c79253da0aeb3488af02,1
\xc5b6561f3e615d7d08db6344403ee3bbfabbb8d2,1
\xaa6444dbaf86f16b894ef29d2fddff7ab7cfcd43,1
\xb1e6cf9f87a0cdc408e83d81602da27f0dcb6636,1
\x8d0b66f09e64d6376b45ea12df244f451b20cc45,1
\x6d9104f626d7f4145dda92cf06c336f82f2135e7,1
\x14658e3d24f926f89cc6d2d4761e3eae83c58d93,1
\x3f47751c0412fd3bf48cd3b29aea249e58f0a959,1
\x030e691d39e2dda9ffb32de5f49fdbf9f590ef00,1
\xf8afa6338e9fabafc49469c32f5fbfe911ea7c04,1
\x9155881a99c41620edfc889e18ec180cdd567bc6,1
\x014607f2d6477badd9d74bf2c5d6356e29a9b957,1
\x91096b323e6bb3aea9fa31a787d00a40ef56d2c7,1
\x57abaf36d6d09bdf1212b1bf375e80f16dc212e5,1
\x33748c3218505adcd8effd0dac371fb94a644811,1
\x1c175fdca70f2f1bbe04e3075aa9f968d35e6eb8,1
\x04386ac720b8204c01bd23497f4a63e2b209259a,1
\xda94c818a091b777f67962f683071417f1fa4951,1
\x459da68fbf9e09c30ccdaacc377da70f4ea7bd27,1
\x9152a3f36837bdf5bdc1179902958309dda35181,1
\x1f41219828d15fc06786aea5026597fba6247195,1
\x0fa699182dfa78f1a22f8abd4c93923dce5d653a,1
\x0411c92f02c35dcf4ce18dd23b314e0fb5e5119f,1
\x9dd2fff980a96934ca022f4fca2b6c2652bbbc4d,1
\x2ede0ccebfb3bf307dafc57ff700183391620a69,1
\xb361e41e92870c8a05587665c73aa7b8c5f5f609,1
\xc5ba2b86292a73830cfe7619f24f4fcab66e398b,1
\xc07ad7fc01304b4a2850b67f1f05a206fc690dd6,1
\x698613a5761de25d33ed75dfb287e6c1f16d4244,1
\x0299cb22804ccda6eb64b5c891de04d9f526cccb,1
\x171c8be8b92674f7d7b0593aca4619a25a40b6f0,1
\x501783e585936116220b5028c4c22dc9fdb991bc,1
\xd3844212d481c135bcd2659a0a1de4075b0d31f5,1
\xb4649484e2e3c4f1b689f9df327c2248b8203eb4,1
\xa22b5936f19459c8ecb1eb894282d4cf61e81273,1
\xa35052158dfcad805b7faa4ea63225eb39f07678,1
\x51ae3e7cf112d38a464cd957d758e3b7169a3c15,1
\xf9c991e5e84954561a4625a0dc0d879fd7fbbebc,1
\xdbf07416bb3c1a96b68c58d6bdcb9fd6963f0057,1
\xe1f21ad5246a5b484c4925b26fa9cc77e4b99cda,1
\xd12defb3279003a6656023135edc975ed4d918b4,1
\x3e86eac93a2dbb4faeb8709d77d451aeda710ef9,1
\x0bf748d20cae6823e0da16a72886b2b90c408a61,1
\xffaae7e8484236d620ec9d5fe6115a0d18dc3bdc,1
\x96b8885cfa40a7054914206d116e81f1b5929254,1
\xbff3d7fe8b734a0a9eedc25b70e1e9b763993ac1,1
\x38430336153468dcf36af5cea7d6bc472425633a,1
\x9fea4c4e7d5f237053df5b5664b006ad2c2093a3,1
\xca4ad39f872e89ef23eabd5716363fc22513e147,1
\xac18554be093f4cc4d86ec996fc5ffa8ea14ab27,1
\xaa634afa9e085f64c100979d8fc40545e644352b,1
\xcaa99118985ffcd519ffdd63d19c07c7d83d6979,1
\x6f16224bf1ed50a1a9e146339bf10d7f19367d80,1
\xe139ed266cd535b33f2937fb06cc21ec71d63dc3,1
\x910c60c049d833a7fd2f5bda310bbea1c5fa3598,1
\xa1457afa30b8e396cde5bac320ed7c8e7b521bc8,1
\x93e459a7fa7886ce52993a48445646a1342f1bf0,1
\x1fc0218c88abce669273d29953f0efac0aa241e5,1
\xe84a2a488658907ef8253c07f80fe724c9ae34f5,1
\xc02cae8f6217648fa2bfbd08c2be94028969a65d,1
\xc53104efc160292eb9f4dc52c1a58d3ed54f9faf,1
\x2802907ab681298d35ce2eaf2415550137c40c8a,1
\xb197bcfd992ed6c07effe2ad662d63706bf10762,1
\x3e3a2487a68e170d92b8ac89d9a2cf397e690ca7,1
\xe99b64da5de8b538023f0af6fb48aa7f0d11014f,1
\x0c5babf16b3d6b265127b510d8700ce9b4247e20,1
\xcedae9684a1083f1de86eb8dad5bf89139c247ae,1
\xdf71cd86c1df6b932ce92df265a918a385f91337,1
\x35bf253f60217abf339e9a01e74bd3eefd683ee5,1
\x5ba0edfce3208250e6445c7ae875aec8502e6292,1
\x408d5559a74f0ac2d712fc2c3c6d8f47c28e3eab,1
\xe74acf3b57d092db0e2f71f0435bab6ed95c3a72,1
\xdfc867d43bf3427206f5bf97ef14ce54daabee51,1
\x7f51c8447ee363d7be2705163cc81f524685a008,1
\x969de568df4cec02e682acf75d7ed9f048de3aba,1
\x9fa7fd8d9170f0dda389922e6c956800d5149924,1
\x9ddc726fce55a7d6c2a985a7944eab88ae343f50,1
\xef373c29b5761d84782f5888be73a9a2a5f93149,1
\xac6e453b964714200f353d2b435df5bfd2393d71,1
\x3c7676976600c90c8d106786d84bda4369f872a8,1
\x08a2615cf81852d6e31b6eeb7c3d3b613be8ab99,1
\x053cd8b1c0b52ffe500807739e79cd5efe4eb00d,1
\x7d1d27469437970400597980be4bb5e84976efcd,1
\x668540812466219a4cf9ef22151bb7e513010f17,1
\xa4dc2788bcc832095bba2b148a5d98d0dca270a6,1
\xd5102725cc00421854dd616a2d8769ce36017315,1
\x6c7c3806b3cae601b1d99c017e4592753ba8d41e,1
\xbc4bede6fae83d2ad830d7ad5ab86a6c78466cf4,1
\x7c3c0a890fd34f6ab5cfaa98a4a698b0ff1e26f0,1
\x58d4f668f37ca6d3667d0a4ebbacc3f29d4b3bef,1
\x40930039d6c3e8c322e58e6d289245bfa826bfe4,1
\x3ecfba75d5a113241ec899888319a9e1e456ee9a,1
\x9ae9b5e208dea9bffb62e1c88ea864eeca85e1ef,1
\xc1ff85c123290878d8fa84bfd123b3c81909fe22,1
\xeba6120492c505b6211caff86c7757d1df58e8a7,1
\x039c7320956110b7e9e350d382a354d6ace8d2c0,1
\x9452244fcd1acd78ed22776e1f8bcdd63bb0b074,1
\x3fdccccc27f307b532babad5481a2177b3693ada,1
\xafb9d7fa614dd77cd9d212bb0596982c850a5085,1
\xfaf6bb8f1a300130fb9dc582dc8363a50841882d,1
\xc2332295cfbcd03531a77b00a019f39335ab8d43,1
\x3c1d6deb260a173059e030fa29d053545e7bc821,1
\x541ffd67537185cb4abc2b028795c2bf4ac6c45f,1
\x1853dc4fbfe3b29012ac6df6ca44b4fca0aa1959,1
\xb48d6c33a96f5519c82569b478fcd723b3a94a2a,1
\x26f81725826b886279d9a7dfd45785197b0c484c,1
\x45208c10e922d932c0a638e7d8e92307fc73b40b,1
\x3b35cd0f2baa0f59084649d68155e93f438fe32f,1
\xaa6c7b556449e1d5a75b6322a256180edd1c8edc,1
\xafb1bb079496defddfa1da3618971ea9dc2dc4c2,1
\x301309d481a8c95efc681dcb830560606178d3ea,1
\x327b9dee1830f8201efa751fd96f7b1ad0b300a1,1
\xd61daebc28274d1feaaf51f11179cd264e4105fb,1
\x1acea492e78dc5d2ba007ff0a68f55dc4bb05ee9,1
\x9160ab7ee16e69aabf910c41c46bb798c8f9546f,1
\x768d9b49c6e5a8154f725b0b2c650841248b7148,1
\x3449482f78d52968f85183160b47e61d9c4fe4e8,1
\x8a329c2c86cbb3d7c268564ca7052ff99c8fda04,1
\x00ad3d4cc099be937879451698c673cbd5c3cefc,1
\xf0c0d3a039f7d61b03208b431c836c12f5d3e10d,1
\xcdf566ef86425bae15cb538bdb6d7dba40fb7a7a,1
\xe19e26becff917f057ebb35217fdf4ab3252dffe,1
\xb55a6b7a860705e21c95fb7b4e19d4b3e8fe2ace,1
\x6e28ac1807232737deed5d68b11faaed99fad3f6,1
\x9de8dea3b03620c3553fb8538d5d232d1d5b0446,1
\x1d5340448b8eb32b1fef1e263755c1ca8bf6a05a,1
\xd2d653ee3ab7fcf8a437c776e044da5417e00bb4,1
\xbd519e8de5ba2e5236339866504dfc92be77e233,1
\xdb5d099a6d2f2bc090fcd258cc564861d552c387,1
\x115df6f4f46c6dc5118717ebc5d94197182bd1b4,1
\x1df428833f2c9fb1ef098754e5d710432450d706,1
\xb5439857f116637495aab7cf08faef183419da66,1
\x8b104344f397afc33ee55c743a0fbd7d956201cd,1
\xf74709b52c0e108ecfe56fa364175a779d3c059a,1
\x9eed555a7b54471a0808cec8d176980323674bc8,1
\x8df1ddace4619fd1c2e4e7a55000338f794860ec,1
\x36d74b81006732a0b24218a562b6b6c774c91113,1
\xc4a69b137d22b52a36328f3ac6d5aa9984faab8e,1
\xfb25dd458aa0b6f8b842dec26b84e9d479b47efb,1
\xea7a2e298e218fd84d5b84345e6cae712f234ef2,1
\xb08f95dbc639621dbaf48a472ae8fce0f6f56a6e,1
\x0aa3dceb1e65b8f7d3a58bed68054b1c81585002,1
\x00de3a8bdee6e682c3509d66a947d05a8ca797af,1
\xda428be4f8e0ec294fc0647690073895f406c659,1
\xd29f4aadba29e7f87adccca12b326d7ac9d4a7c0,1
\x01623c98f9651095d600f2ecb45dfa1072fc9589,1
\x6f3a6d9867d6213056b55ce52b55514215deb343,1
\x8752a7aea7bad6087871e441a5b4c3952f2f3a77,1
\x68e858455ef7cab11152d1afabc5c106b690b014,1
\x52c34872a9e1d22b4f54d3969f920c4bf1e06088,1
\x11c7ab8fb48077ec098b7eebb0781397d875236c,1
\x0dfb596b2b071c581fce96ef2299ce4f7dd4a842,1
\x5edf0b0c1b6d78bcef494243801dc594944a392b,1
\x92328b9e2967b0d7102ae487d6443c91ce284cb3,1
\x371ea1e8fcb52083a2a6ee8bb44bb5540939fb82,1
\x8e1f868ebb90749dc6fce7e9f0e147fff59125d5,1
\x48c3932347586d9354553c3a4ee76858e34d0cac,1
\x31ceb913b89ccf412fc002e43722825f742748b2,1
\xa76894da9a28ed79741e89fcd8c38ec00b1fff6d,1
\x671681aa35ab78ac989734b47c22ef46480e9363,1
\xca9a335d08a6e3ac6947f7c8f06ff1acaa5adc87,1
\xddf920f9ea110e1a8030c4015d17291c7befc079,1
\x88f011bb7fe88a8f26193099cd62dae7d6e517f1,1
\x5e745aace240dffa2358c2b47f3eff4a3a85e12b,1
\x4887f370cf58c371cd2ed3503abdd1bf53786dc4,1
\x92a4f58009df9eac5f2af6d05977683639f0060e,1
\xd441d20fa42972bf8945a052b53c167318308193,1
\x685d9638f22b552e1f9fe4e1325970fc07e52993,1
\xbac79de245633fcc4fb32c19bc0ac93f406c9950,1
\xc2b66053c5871c4512c7733bac07520acc694e8f,1
\x00ee80c322d6e956d2629a73223605bbda946f2d,1
\xbdb9c076a38c64f4a03e5ec00c9f78278fadadd9,1
\x448fda59cda7c93d8e4476acf0847f27e9e2c605,1
\x2f8aa20f6a042af0e696a53ade86f55cc5c06eb2,1
\x2b1c66f6d779b6da734d67255be2c54db2e18977,1
\x8dbfa751e85ba82ed3a89df4ed9dfe472d879a89,1
\x289c44ab3f461127af1f04fc80f8b54fc3ff7316,1
\x7370f377359fcdd379845ee24b7847ea6d16c6db,1
\x1ded3c31ec30a1c651c7d1eca0f7db3ad76d15ef,1
\xe9a20e2a6e4b3bfbbb108f0c105623a3ee665883,1
\xa186fa35ccde3b23c8a0582363010e2e07f2fc22,1
\x7fd5023424bb328e3efec7a5f206e0b153fa2fb0,1
\xed6c38a5e307d59daed4593a85e62171f526e0bd,1
\xf02f8d8a5eeaa01cf2667378723cfdaed93ae979,1
\x759320ecd4146a597ab703427b9936f34f741938,1
\x48a49bc007416c066bbf0b1e2be277919338f722,1
\xd2ea42a69287a0a1bacd9259fbbd61a5db977248,1
\x5c63b361cd0476d3706e1064b112f671de0dc23f,1
\x64b857f38efe672d8938a1022248e7ce94445255,1
\xf48aad72890060f020c2158006885babfc3b9c77,1
\xf3d5e50098fe0820ab5a6e9b6fd1a6badbe9f816,1
\x51b05c06e1079babb010c3db487634089045389a,1
\x9a44394ffd96a78d0b5c5b2f5dcff6052c70176d,1
\x5ee9b86f3d4c48bb5c72927e1e051466d5b0a41a,1
\xf7e51d0e55b6793fc2865c2a7e8318aba864e454,1
\x13445a6e17f1e6cf4e0f7632a864828171721791,1
\x14786310da605118e09b20079b1bacf3e6bc499a,1
\xa2e7002e0ffc42e4228292d67c13a81fdd191870,1
\xc15d7ef92a7bcda3d64b1465947bd446d671ebb3,1
\x4bedc3d156d5f3df3da48559cac02810f02b6fa8,1
\xebf6caf61daf53dc92b6a9b030cf642fd4c1103c,1
\xbd1f7d88c76a86c60d41bddd4819fae404e7151e,1
\x6facf564dbafcaf142cce4fbea8fca108bb42408,1
\x9c8aeb616de1f4c86d0211ab680e896bfc7d0ae0,1
\xd00ce90662ef9a1025ee36e1fd115faf7768213b,1
\x3c6788be1c8c23f6c8229de295dff3785e85b348,1
\x341d2d099d0ad1986ce5e549a1a15631163877d6,1
\x73165a7bf621f466c63f6a0c8f08e969772c2a6d,1
\x708621fea6a3e127f775886f4fcc5a7edc6cc736,1
\x8847ebaaf29a18396e49191602f8d8d141b98aa7,1
\x7a7cf9b606d4b11ebe9c85665041fe12b868ceb3,1
\x9d55dfbe0cebdf2a88883efabf523ea9ecbb8558,1
\x83c9440dc34da00c47a0d4dc2b598d7bdb1b53f7,1
\xced602b55784c1b5deab8caff64a9c9dbb7cf405,1
\xbc99c4bd93c24db1bf553f2c7f9348be639fe5b6,1
\x2cf841e5e207d63c723000b5ec68d37a12f32fe5,1
\xe00908de74fc9dcd49a5759c654a52c812a58264,1
\x2b03088c22ae484ce873f21251a2e6fd0509ea07,1
\x4a3e6e66f8c32bc05a50879f872b1177a1573cdf,1
\xf83abc519e046c5391d219fabf1a3c87dd5924d3,1
\x0cf30daf2fb962ed1d5d19c97f5f6651f3b691c1,1
\x328adb38154da8f93ce0ffc47c26055e1975299b,1
\xf81d02a2797afd51c71225b07076f87b29bca025,1
\x96a0ac12fc6863f959be2a3728a829f8efe0125c,1
\xc6a76d7deb04569cc4af3164eb260de096b47148,1
\xd631b8ab622041242fe9255340c9e707df6d61a3,1
\x6ad56f3706af126b1ce48211fccc4e301dec46ef,1
\x6868ca9a013d8765864b6a41da4bcb988dd99675,1
\xa96cbc4c3651b25aebf9ec28d478781bc366bac7,1
\xec891eda8071654be1269d479199101fffe64016,1
\xb5c1213ee9ddf312c98f6e94caf5c421c86abff3,1
\x8730b2d81ce2ee4ec0124d7bcde9393e8a315344,1
\x34d8575ec66968ab4ea07f7031ed6a74c213b704,1
\x6b545f95840093eee6c26c766b33822e1ec9de7a,1
\xafba1acc74aa89d638612e57aa4a9c60cae7c1c8,1
\x60613f286032d55dc9909e609ef198110315e85a,1
\xd5b6b09a76ec1278f10e9ccbb1709f7f75cee125,1
\x732052b8d446acdb4e43282ec39c1a385c811b02,1
\xdceb4aa1c91963d7e91e7ffc9dd6e57d278f00c9,1
\xdb0b53ad3766da8de7b9de0d98d1ce25efa6ab6d,1
\x131975ca3e75259e60afeb1cd34051a6804da505,1
\xde46215e67d35972f4c880d59969dd08a4c9fa28,1
\xc58d054217281e665412c45271319bf951f4fb2c,1
\x416d86b9360bffa9de4f880a4b3557f1dc28c643,1
\xb48ed686918f33e4cc2e71c530ff2dfbfc7d5634,1
\x7d43237e2cf6bb7ebd94bc6d772ab5bed22d5d5c,1
\x456ed3d0aab3d33f36ceb1bfbcce8ffd6fe0d64b,1
\xd2b2f14e25ccf9e7d62611586c2fee55bd96436a,1
\x963deb9191d6a7dc1fb3891d472aa358b3e4b140,1
\x49e53fb3d5bf1532febad88a1979e33a94844d1d,1
\xb0b0fb5d1067284d9dc02f09bdde9f17a5562b1f,1
\x493122d3a5485fd14fb6b24aa58da9698873f58d,1
\x3ec25dbbf90468979c25b45d9f76abaaa59dfca2,1
\xcb30d07ed69b28224d590688f96454459861dbba,1
\x9eb22561e56c9c700a990d6ae3c6245b9555804c,1
\x402b483092fe8b5f1b98a6e9bbbaa16217463de5,1
\xb5a7157c9c76ed4df624c6c075e612dee3860b7f,1
\x43f9c4c6592853fc6e87e4280f84ace6a344d8e7,1
\xd26a0a35321c6793e47eb602f1676c915caf111c,1
\x0ba43bae4613e03492e4c17af3b014b6c3202b9d,1
\x60171fd5330ea9e47dfb9a5093b76a56894d8500,1
\x6f5eba1ecc26b8f1203a1d32116f286fad383a2d,1
\x4d3875545893e21bae6f1e0ab137cc2d9451bfcc,1
\x1754352eacb753327fec2d4f48f0fb36b672c5e0,1
\x7e9ac27cb54fded3f7c1e28abf760879b1461624,1
\x8874df42bee72cbb44279d32443623291ed8b116,1
\x8e8f59177eaebbbdb32618d7cb11dac506b77a26,1
\x0935b870a027861bee3cc0b2ef24f5d194aed16a,1
\xa97276772e9a8d5408421d60c2749c68c2e2fc3a,1
\x506ade0a94949db63047346d3796a01c09384198,1
\x5f855b107afaadf722cf9611b82167a272b4acb0,1
\x0bd812cf2073d7c1371a974245a135503410766e,1
\xaa1ad4784c1f3099447d85e97aa551614bcf601c,1
\x3bbbcbc1c0b584f61ed746096e7b67c6bc2dac93,1
\x86beae41e798b3f1114d6e26e944c5c604c32ac6,1
\xf3f3d96ad5b8554ab4c5b45a0e1d5111e95671b4,1
\xd3389621e2644e85cff84fcbca2d84a949f5ef18,1
\x382ae54dea67a529b88a8180f94707e9b0741ab3,1
\xf3bfaceedb442e170f896d96e16ed01354c022bb,1
\xdff4e623cca25e674edb0a1f263fcf5aa458acf8,1
\xf05c004c9a3d801644d6bbb18de836ce998de27f,1
\x28becc0eec396a0b882e7a68028b25078b91ba85,1
\xb49c54edfe1cfe5ac83e74b179474f6224d0763f,1
\x8d0172e88bd400884708318bac77bc69f76ae082,1
\x8d77bde0265162bd008bf333ca1b0a1676f9696d,1
\xc2a622b764878faf9ab9078ad31303b24fd4b707,1
\x39da347392306b21038f880d24c2c36d3d2f226d,1
\x5dac9ccc215b9af65b486066786f79d9aa0043da,1
\xa99d480003d622dca2d16468c48a2feb634193ef,1
\x90f11bcf68f44a7edc142186fced2314da35655d,1
\xe1cd5ed7ef48b42ed56e9f94a1d0f61d35192244,1
\xc6bef0a58a4bc54db89b8c2155b1c41be1ec2476,1
\x42ec58c892223f6bb5c9dfd1f022ba156053e233,1
\xdd45ca901067d65860b54d4310e37371cd92fb09,1
\xfbabfd8f520e38d6e2178d018209453e86246274,1
\x95d8ac20b2377a00fcda7cf56709c4570edd40b7,1
\xead8cbc3c2bbd340e5562a683c84406144ed873a,1
\xfc140d481f05cc2683e5fcb22ec3ff5d93ece715,1
\x53b54a36342153d55b730c990f0a628c59b415c8,1
\xb0a42bf9e2a3e6148dce6fb3d645cbaf1f2e16d1,1
\xe742238845698542cb54a760328c99bcc20e6154,1
\x785931c5d331cabc1a98c52b8556d0502c8bf2c7,1
\xf1bc6674b2ca160361f73037a544f5173ad639aa,1
\xcd5561b1be55c1fa4bba4749919a03219497b6ef,1
\x74b1dd97dbe9f5325417531ead64a21d035f4d81,1
\xf7e0ef9177e01d5871dfc59714510b44c9918622,1
\xd7d68213f244517ee0d83400ba0f2f0cf670ca19,1
\xbbefd7d822baf376d483d6170a6929762f2d7f4d,1
\xa93d60f8364652ca12bd4bd3fe1809ea65f23e06,1
\x8c69f8d2f360d0bd12cb73b92e90a380e32987bb,1
\x624b54d7007aa7dc90fdbf9e7ca424710a23b2d5,1
\xcb630c28658d8b4f0509d628d8d947e6f95ea20a,1
\x2d054602f39ee2285fdde7300753e9484d42adbd,1
\xa28992a6744e36f398dfe1b9407474e1d7a3066b,1
\x95f50cf888dfec90321dc376c1e695f15b081595,1
\x871796b6fc784bc50606ad16c8099aa9496eed10,1
\x0e411a9fab733c4b2db0ad4b4daac0dc7c1f9a0d,1
\x11e9df05c3a5adc42c7bfae4f0360b4e2423f29b,1
\xaa82c64b5799b4dfd7cc973adb9166a22882eaa1,1
\x9a8dad4b5025bef44a5622a850f1e946b58c5cc7,1
\x7b9044d2862e1bcf5212f9d41583c291cd5419f6,1
\xef0c9089f3e25379391db9281e5dd9cd8e2dc30e,1
\xc465316264b9fc846a346d38819ca21f0fac871f,1
\x26fcbc59db9f7698211c8f263a4d8953c5290457,1
\x2cc5a915d693dd97b0fb01d11a4cccb077fd8102,1
\xa54ed522b105f52f1bde1364232ed772cec59627,1
\x78c0a25ccc21604b3d117100de7c9523f53236c7,1
\x6687c671980e65ebd722b9146fc61e2471558dd6,1
\x2c201cb39140e21451e71a2a272b6b561f13b9e4,1
\x603f9f25ea89f465e36e2e9a9eb13289f0e7dae8,1
\x49fcdc4f8b7967cae6c7dbd7322c8c50230b2cf1,1
\x46fdc9bc2d30f545f1e13feeb85183584a36de4d,1
\xd43de4138422ad09890203c2e82624715350b784,1
\x85162b355eee83ed8d29c3cada25b80ca86e80d1,1
\x6ad093bd6c0813fa2ecd4346d9dee5e3f7c44802,1
\x3904b0dd0373e8b470f3482be089f757ec6aa6b7,1
\x366e58737164430af4aed2856840be9bb148bdc7,1
\xc78444fdffc4010fb84be2a6a4d1626f7c195f6d,1
\xd6c0f3032b7876b504943cd5252c485d3168a849,1
\x02bf4268c84ce1306d1e2af3c2f54d2b3214658e,1
\xbb7eb5d86b83dc11304d46632b65a7f6e41a4f64,1
\x2d58e5e7380b801a0af9c133890981c5ede5f248,1
\x2439f992fcd067361c5e2d9277dac974b9d5162a,1
\xe8d4fc8e8b35434d6b5c790ba045fc0bc01cd569,1
\x76cb6aa93ef4f5843883a8137e73d739e0eb2746,1
\xa263a0484e89c25873a59f2e5c089fa42fef8e58,1
\xdc6657a6e3ee8ec7004dadd99a7a030b975556f8,1
\xdca688b9693a0d2f98f4a9e89b978978005b6570,1
\x8728c811f93eb6ac47d375e6a62df552d62ed284,1
\x7885a8a5c5ecf65879ef881471cb349b175a7f84,1
\x085a4e5bc9bda92b66e775d48b827c8908f676b4,1
\x577078a2030a94e110e22e035e6fb9650ba0a5b8,1
\x4fa4167b3c94a80416bbc768fb919bf3ace9f8c2,1
\x44e2f285f26bf65b5396873dd25b8d82a63e5546,1
\x72b2cb558bf17f9e5aa40754a4e26ec480c07554,1
\x25ad2667b19e866109c1a93102b816730a6aec3f,1
\x0e440bd9798ad22cb8fd6f1a433f2f16e8786770,1
\x65bc72f5e5daefe930f1b468fc73ec96b0228956,1
\x31b5168daf15de3ea9565b2b919c53a437cd33ac,1
\x03a5bdbd5a37ee782e9203811d227342c3fcfb73,1
\xd3c8a21abddfab10c4e24c148da6e5937e81d1ce,1
\x7ff4f8fe1dbbba8dc27103359bf96e97a4d44114,1
\x6d25eb10bc4d5dd9e596f2a5cc1e14923f47e190,1
\x13389316c576c3e7c9288c1c8f4929c470fa772c,1
\x54e6627177165aa7b6f31752c744c306fac993db,1
\x2dfe8259e14b591d63a02ad810cd502c29d56292,1
\x2e5300eabf71950b00ddd6a59690cfd8852ad3b9,1
\x97976c252888c174f66c618dbec6a03bb613e8c7,1
\xe0bfbf48cdf2d4cba3543ef6e4b9dd110c84b878,1
\x76e0ec41eacd7f9c2e1faafac64f410dfceb387e,1
\x59e2ac9bed21b6530df70f08a15f3d3225fb5bb9,1
\xab7b49bacd43bd4cfa41433d477f690bb9e1fb26,1
\xe04a9418cffe0f43fd42527bd3cfc05593eac052,1
\x1775cc97e5c05fde8b571ef75ca52d0a9ff19025,1
\x15d693444abd97710437de8b9bc271137994cf5e,1
\x07b3e12359a738171e2872f4db665fe91bcbadbe,1
\xbe498c7a06819421bb264237ae7a85363850d8b9,1
\xc34ba57cf09648d1bcee7428ae9cc7e9ae7410c8,1
\x6ae68bec21aec25fde2c910b1ce6c40553eb8cd5,1
\x4d1cdd8a0413198da7afae09bb6508d07dd355d4,1
\xc134f280c35dfd5ccd47ea1584e987ab64389fc6,1
\x7afc7f83b1ea7b96c480c3a70d7313ad5c89bca7,1
\xc897f9b0b27cb4254e75e6763881f7ef70476032,1
\xd8e00f98f69bc17c003b310a1a5d6e07746ee093,1
\xee4857fa87d9f38928307c32b277b2e7513bd8de,1
\x986a1de622305f441a3c763036ca06da417ffff4,1
\x4013711c897967a3bc5164cdc0f4d7496e0a3c1d,1
\x89316291aba44042001b871ccd4d685aac0a0cd5,1
\xcda1a0ecd7d25b49ecbf0eec1f45f0b7fb59961b,1
\x7b397da5bd525aafc131107d47836304d65e446d,1
\x6a6a45d79c15710aed629cf2e76c1c8f5d3c45a1,1
\x4dea563a60191c7231c8c557623b320a36ebae0c,1
\xf8e7ced72ed5a1f289c068e6990931e3e6354b71,1
\xb471f3bf049b06598411f059ccf716c883801f69,1
\xafdfa849e4d2fb2817fb14d2b60201c333758556,1
\x27a5eb30e2c9526bd13af15ff0819915dfd0bf66,1
\x0e98a0276deef438efed3da539690983ff8cfdad,1
\x0e5df087b286431f7fc49af2885a49a0a573416f,1
\x094e4b82a5722271546cca99c8c351bd840669ae,1
\x8362cb1c821b83ca0026099a4918668a4a52a504,1
\xe790c5ed8a80300c3d6d5c112fa26b5f5abae931,1
\x7eb315df9df153fa9b5eb6c66cc08a59b074d858,1
\xa489bc3d18d0fbe73e574c4b327d84ca7e383b0a,1
\x3251a00ebdacb9c4539c3e5d46f620054999e0fe,1
\x0b335956386168deb1b18b860ef8aab99ad60c28,1
\xd8263b8b277c7df352f1851923125a07a6982540,1
\x7773a2ee2461226000646112331ff43315f1e055,1
\x615b044b6ccb048532bcf99aadf619d7fdd2aa01,1
\x374d410f0edf510562aed617e8de0a47baf5cd60,1
\xf78c3a7514055c8fdf95ac594eb2f27784e807db,1
\xe89db26cde0fcc30a05068c80d64158371ccb021,1
\xe7cf8fce5e83e07e56e2ebfeb7651f459c47217b,1
\x82d989316b5acbddc75fcee1344bb8dd83f7fc2a,1
\x3eb72a65f9322d3f30167cff9fc9fcbb23d61cfd,1
\xa03452aa81db3ffeda7981e96e6c288df3df886f,1
\x351be771eab8c8c5115928ecfb2ab758f512b555,1
\x2fc3fd7c06adfc48736122ea33820038cc16dcdb,1
\x1ca59dee56834035e35c7ad90c926d28667d9e20,1
\x42ca45b785d87b8375dff176555c745b27d69da5,1
\x177821cbe97b3eb0a20de1fd534bc7160cbcd76e,1
\x059b254553bb97ca61a99c2bbdbefb594aa94365,1
\x7abbbf772e03c789f0fb03e465ad8a5b462d0bcb,1
\xca8a8247102785eb6d6a59bdc790a1ffddbd16c5,1
\x265c328bf0cad7f6fcddd375a4c02754963e3a2e,1
\xb112aac0ae15914ec7c6525147133c402614f12a,1
\x710afef4052c2820059d13eb7ddc14700931cfe1,1
\xbe3e6fdbb7fc4f85a39641101dbd978d505f5516,1
\x5b172915fbf880db099b9e14635630e29d134ecb,1
\xd03ad690ed8065edfdc1e08197a3ebc71535a7ff,1
\x49087eb6f9529eb02a508fb820d7b4d0b52e4881,1
\xb17f37452ccf77e56062256831d506ed36bd962a,1
\x2ce1a66f22a2dc6e410d9021d57aeb8d13d6bfef,1
\x4fcc9be5f7470570462f0868b9543d96074a976e,1
\x31d33391f918bbd845beb0ef23cafeb74dc498e3,1
\xf1839e02962c4ff2830c1a211da5f492ad83fe4f,1
\xda4c79ccfdcbfa9128b1e328f77e5f9c6ad72a44,1
\xd5a191afe4c240f2ed31049aacaf5eba4112e041,1
\x84e0ad8e8ff4aa9e866ddcf1aecdf5754cb4ba97,1
\x83b1ef2e373e58f4671f5756c74e8142dbfbbbe1,1
\xb523338f4dacea953565bdeb800fef9bbc5a4694,1
\xceb4365754e7b12b4a142f08e4b6bb9aee2abd11,1
\xb7ca8db84717c98dcf59be2b3a612e75ef5d54b0,1
\xdd1c01436c4889fa64c02b5b17e10b987d66da71,1
\xb10a6500f4148e16e6bc05a5ea3089fd3d57f157,1
\x5d6fbad7236215068c29c862aeb6900dd30a2971,1
\x9be426c8a28ee7ca935b5c27a4bc2395640c9378,1
\xb56e034553ce2590e98e41c5508c059ef8f7b5ee,1
\xb64fc4d9205c9b27b220bd8aea760eee9d8e36b5,1
\xa725fc08eb900b5fc2be53404a4482a4fdc47b50,1
\x9b616ac1d31f17be9b23560d93699ca7732e2808,1
\xd74aec3555965b70204a2f07f5626509fd2134d7,1
\x6fac7ca352db965caa24f0085ce503c6e521a50d,1
\x6824f357d0a4b4e718089601c69d891b99a6dc35,1
\xde0cd5b5259657ce57965e624cd48c4cf383a7ef,1
\x8033bda24c47c76de664a6b6fef44f58a179d5b0,1
\x31112d6e531bc418c819ef275355b83f3ac8486e,1
\xf998c7c1af3c58efa6900b13469fc187b9db0cab,1
\xbebd087a12cc28bc108245ecec608d1c04862c1c,1
\xb9e62c014d644aebde25c253d0d8e3a40c83de47,1
\x5b21188a831c0520411af8cfc5fa20eb159a396d,1
\xa82d931a61804fba200f325912a2ef7a536b46d1,1
\x3310bf03fd4906ac516502b52fc1fcd241c4b01a,1
\xbf37a2f4f1eafe152e8336465cfaad1fda44b588,1
\x9738382ce3871d8f9506898e0eda762238c707f4,1
\x862687eafba7a988148ef563f830e8b66fddfd8b,1
\x08db79911bb3215ca7406e2b4df23348ea33915a,1
\x7c7fb6846e7633342eeef5bd236b54dd511dac30,1
\x1f172f66730d2ef5cae06ede52f2c0c26055ba56,1
\xe8cd4cb68dd4c79d118368f36d8564f3134c180d,1
\x586c18484857663c53e882a66c7e7697c535c997,1
\x1f2beaf8439039dcec062fbe056458d34f529f9e,1
\xcd17ca8170eed17c7e37f0e33f0c49cefbb0056b,1
\xe636c37c8161d1097090534e294cabae78dcdca3,1
\x7721f140c2968d5c639a9b40a1e6ca48a9b7c41d,1
\xf4844a06d4f995c4c03195afcb5aa59dcbb5b4fc,1
\x443d1f8a358b8f76df166e7c59afd4cba70073c7,1
\x2bc05ae76e47849692b6ba5fc39e7bf07d6dc750,1
\x8d216b875b5a1355e5938cdef73b503231a81c6f,1
\x15ebd4d7fd09edc550477740b88fc10b19d2314a,1
\x643975577485140014d5cb9c776e6d9b4ccee526,1
\xb9050dd2286e1eb806921ffbf162231d5ae97d64,1
\x924f17026ab7e01147f892c3684c85f758775701,1
\x85f3f846a2e13970adea6c213a90c8f61c6e86ef,1
\x304ff03f1526300d5597dfede9a6be316f56569e,1
\xd3c76745e9427a75670ca07b6d233815ade82d3b,1
\x500e5eb0cf12736f237604bb90ee996a24def620,1
\xc1aea877366970c930ecc411b770ca8f3a66c527,1
\xd89fe1ed2b0bac7a27de004de595c0e43280ea69,1
\x6f9326c6a6021858e437e400f2748168734fd71c,1
\x45e81cf357f3f66a295e8a85e60832810801c660,1
\x7a7a5fad8c4107ed0959191e7ff36ba82d4ea2f9,1
\xcd75942b66c1a82d7e04f65a34ce7f93791fa8a8,1
\xc8f796158bbebf7cf27237c622b9ff1e5b9cc735,1
\x3c7d5bb537abae440e0abe552342f422a4b1e6c1,1
\x8073c62366973b9960f4561f6a72c5826b75e828,1
\x52279c47c6d504636f3a5469e8c5c9933cfa6420,1
\xfc91f727333fbb224a6c78839463b0f372ece7d0,1
\xabfd1ffffd163a449b3119d1b9bbefbcae04ba27,1
\x81d6d74103ea8a46382435de0816c8ab6527a0d0,1
\x169c9ee7c2684e6be5b87c0854f0cb3c600f320a,1
\x0a3b4905b0a7bd42645c8f0bda9f3bc213f09610,1
\x22536213791b04d8201ba219665dab3835d993f3,1
\x971fc95d523d86e4fc9734eb78bcbbf234164dc4,1
\xace32e36e3f0ebf08c793bcf390e42831c5dd449,1
\xeccc484dd4093f62fc24c4725800013fbc2c1d15,1
\xbb37868971982822218a10d750603dbc5ed7386f,1
\x6ce300cf658f5f9e825d428e7d2513ecc0f9fcb3,1
\xa99f898530df1514a566f1a6562d62809e99557d,1
\xace8976533f9197163810407efc0a7fa06a8bb12,1
\xbcf224cb3771bb32b7a9d49d573375ffa5e29b9d,1
\x9e596a18308096a9ecc4da5f9d0d34f6f3bdebfa,1
\xac0cc4d76827cc8da164312bc7adf00e4a9ed42f,1
\xe60efb936af0c8f2b596cd1e2fbaa36a08e5d1dd,1
\x6bdb3b7286210f06234f29885a721b9d4ba5d28d,1
\x966aceda1a0653856dd91322d108f66ee90c4875,1
\xbd23497f0bff23fbeea70cd14d923ed08c5e480f,1
\xc136fcfb1667e5e882b94941efa104447f248560,1
\x9d76e9392887fdced5d1675ff1c1649b9b3754c3,1
\x3a09b783e8e3e0888b24d689a23e0f6b69aa2bba,1
\x55f5429343891f0a2b2a8da63a48e82da8d9f2f6,1
\x6a9540518477fea00b998bfa2e7c967ca853f209,1
\x66fda6b697155fad61694713f4d6b0c02736e2a3,1
\x3419bba3bd8573963605247ef1f18bf1258d4732,1
\xb969957eb73bbfc2721984e8608a82e3e139a963,1
\xce5ec10bc6ffff3791df0bbec3de2e697fc2ea56,1
\x0bebe2165de412e7925ab8352e36f3b0493dd3b9,1
\xecd8c7abae05083c7bf368e022a311c24a11870f,1
\x7b6292d81ae4bef5b20d05817934205d61707559,1
\x04e96cdcfbcce8c972c5f976117784933e0cc6af,1
\x78a60dbdbb8f80837fc910fc8f0bb2235ec2b6aa,1
\x478849da9c519ded12d04ec6e896af6adf3cdd73,1
\xf7a91d78d4d3f1779cdab33e56b5942b27331fe1,1
\xc49bf165b98a4102862ff607ae60f9675b156ac3,1
\xacf4c2950107ef9b1c37faa1f9a866c8f0da88b9,1
\xa4b6278ee76277878dfd0e7e1806c9a2c53d507e,1
\x4e4ba1179403e5927908eaeb829303c7835e7a91,1
\xd48a9bd19d0b9dc2183be55cd743d8758f781a45,1
\x51ec15594230ddf21a7ea5a4ac392bb8dbda527e,1
\xc03410624c083468d97df3c56f56033a8d111680,1
\x5264ff09db69dccc79c278b9d55a4771fb9c2b87,1
\xee836251ee934c3126ac5d9bb29ae9177a6a12e6,1
\x2d2a094b3bdbe6d53d91f0b031746aed4ac5cbda,1
\x980e2bf8368b26e070d12438c3ce9ab8cac60c65,1
\xeb50840cdecb7df40fa9fdb435922071865b65be,1
\xad9083c6cadc572988efb604a87e86f8de205bdc,1
\xfd958503c1d12b2f9d5f4ba67eab8a604bd0cb67,1
\x9506e7bafa7267c7c488f73782181438a16a023d,1
\x45f233399c7e79b459722053cf96cbe7155b206a,1
\x06ac46a081e02b3a8d4dad50b62e90acaea23a95,1
\x08fb5797b3d751d022736f6df6006a39c049c2c6,1
\x6b07d4ace5bc9a690fda9ddeb5a0f131fda0b257,1
\x386465da26f3a6cc68c4c5e95fe37422e1df5afd,1
\x482d8a09b8bf2078b6d0ebc2e876138c62101739,1
\xeba06532a72bec44a1d33130aaa7c45c31e502f6,1
\x5fe8b642fc18eecb93b12999025aaed6b5fd8578,1
\x52a6ee7a0df6c541cc7bfd66aafa45748a962da3,1
\x477c2087f3d6e49b1be5c790a33b3a025a4fa569,1
\xfb8e459eb57271c1bbbe502d6d287cac9603777a,1
\x5a81868992ffcf4200a85972c60151690af39006,1
\x060bbb0bcc744293a1e7df8dd7cc2ec81951bf94,1
\x453942c8dffa099d542d9fc5394f4c004077951a,1
\x299e6717bda29b742bceb3eb3ac36eba9ad9ab31,1
\xcdf91269d4e4bba12f8f3c82be7a13e4a1d4b3bb,1
\x45657c8ac5a9b7f74e7b60c2ed3ca16f975e833b,1
\x45452d8508356dc9619f23eab6932b4aab1946e6,1
\x4776e089cdbd63d11902517b42f53b0c08dbbb61,1
\xdf9a768c27f03d1b1b26c965dad4e7c78ae79dee,1
\xe853748e70d8d1d4809061dcb29478767d1c0878,1
\xb2f456886367c8e50566377ec6d9293d4da5bb81,1
\x5241aa99a776866296d1d695c02bb2e31b3ff998,1
\x823948435ce93d196d6649ef6ed9d96aa74ba7ab,1
\x0c387030a5d3acdcde1a8ddaf26df31bbc1ce763,1
\x175631f8948f909bf82cda52e731f522157c4f28,1
\xd6803a63775e678a346d5c07cf101aa01dd88734,1
\x1bf555e99b9056e75f5752ebf6593c4929bf5d50,1
\x00af158367a6fcdb1a367f6d503e05799f340881,1
\x952c23f8f067a5e7e165ff0e42491f51d87dbc95,1
\x4bd77e5637212bc070b6c1382b3bf40bc1a7de18,1
\xd77a653a08da980e751f07e3cccfecd409fb667e,1
\x8d851bd5fb967941181fc48faf6ba9ebac04de78,1
\x7da0e97cb78832463914392b5d414c1befa1fb01,1
\xc598af80cf61539e2df1ed657afac2d7c76601c5,1
\x5ca54def2e421d51464d4bf5ba1f456416d41a0f,1
\x3f85ac6e64708d386a49ff25856333895fc543c1,1
\xc2ca5a5430589c7a002ded8fa5ae0c69e3b60978,1
\xbafdf6998b250714da8b9b9f8e75d8845ad45042,1
\xd09065b41d01a55b820cdb7c2d9a22b3bf4a3ce7,1
\x8d8890235639aa0715afb141fd2943f19e101e78,1
\xc639aa72af23ae5ac40287e1ec5fd5c98c61d5a9,1
\x03f9bb84628bd284686819a5ba7ab5c0193145e6,1
\x5a45fa1d4ffc1428dc50f9df6fd1643f1012a39d,1
\xc91cc336378c4e9d0692ef14441e94263fc15426,1
\x42acf5773af88b0e49f413e10edf9bcef93c3805,1
\x1cfc843e6d601bd79bdecc3cbc9e73605cf9a060,1
\xe0ec0adabe036f85b4ac94f6b04c23ec36f9f6c8,1
\x527c6a63840bad5a1c18d61685c2a7a62735ee9f,1
\x315e1a5c796b734585c27e615b774441372fbd08,1
\x66e9f0b2079fc5acf5583d394436c9e21a9e9c57,1
\x2ca50d4fa4be631ebf96c4c9dc1f11812e6e4ef2,1
\xf20423a776011fcd1d83968fb143c60c6ab45ede,1
\x7824d7ae24ee595750e970afe61123573ad3ad27,1
\x75ba5ee883c2ede43282bde16e38d6ca8edccdf3,1
\x85684c11fd750506cd8783a7cdc19bc583ce62f8,1
\xfcba4ae8f19a06e240ad94509d0ba1c4f5c21259,1
\xfdd2606d669cb490d38d43981fc50d4b69816211,1
\xae6779a4e97f4503ea14e4f8bd120529388fe463,1
\x2c17c733cefc0e618850b546d9df53cdbfa29725,1
\x51b3dd026e3837352d7a0efb431c62c1862d0d4d,1
\x1737a9d297e00c04184f14c78f312c28d03d4686,1
\x567fdfa5c177987b9bab22e9eae42ce7ac788816,1
\x1f4dc26f26262fe6431c6ff1bd304affdf600289,1
\x600b7ed5d4f7eebe62cf089003e95dce68625ae2,1
\x434a316b54a1a45d02524f0a8bebf8a27c3ec715,1
\xd1eba6275fae2904e4ea5f728ed5a878f578b27e,1
\x19c04ca80c4168ea8ab469a0766a858d7172b320,1
\x7506e3d710c4005c085f548c70ced46ffd5447ea,1
\x968a0e5603c5d4dbf24cbd7df562921d158ad19c,1
\x6968271322316c7c4927e231cb60792939399fc0,1
\x8ce5da80ec7723fc2744af30f118dfcf88dd2c6d,1
\x1a27881e041737bc7ef5c616a8af08ec7e51db40,1
\x693ff9f59ead16361e36f3139b754412541aae56,1
\x0bfadb6d346c7b28cdba26fc73e722b1c5dc144f,1
\x86ce032489383ec0564bad2ed868048f0b1030f2,1
\x294388d7f62065784666f797ca6919a4b8cef4ab,1
\x906c9dba4db793d84b535c3712b79da63368ed3c,1
\x6a064af708e54debec1b84201ec882e5055346a0,1
\x694871beafb7bb82c012042a932799406fdbc51a,1
\xe24dca25143b640835a3de33c6fae9f216ad5a44,1
\xe15e365806ed3b2570455782dbec0b450354c233,1
\x6c85553e86609ba71f646bfdc506d65981a4a2d9,1
\x931e76877118c84f1d904295971ce383ecfed5f4,1
\x77a80028a50a7504604646ee51586a721f52f07c,1
\xf30fc56264d65f241d5b2f0c861bbff7555656b9,1
\x00df99e12315cac90f49527b07d753b7fe9faccd,1
\x5cf9b7b2306afcb80c13c0f512f5771cd1e27cc1,1
\xa38e40797faa6ecbcfa4a64f14c7622d090e8a31,1
\x54d759cf295a08c10d63758e9f4758db691b3dfd,1
\xe8e83ddfc373bbbd22edf5a80a30ec7ded8f2b47,1
\x38a48b784dbe0a5a784f971eda83a9550ddf8300,1
\x3eaf7bd84eeff7445e9499956950d5cba285c973,1
\x3d269d5de0db21dd1e7f8221506f8a189810ec94,1
\x70d43f3f858aea98dc54306ead97e98bcf571b1b,1
\x335cf242c672121baca52f686ae0a7f4e31c1e31,1
\x63bf83c11c50627f44119336a3c2f616b7c65228,1
\x25b65e29930d163e93cb6a6a9d3a37cb58640f06,1
\x57d82ad14ca9d2d01a9b4842fd87cae48c2274fc,1
\x661a60cdc8434611e65f51065ec246bf0ba31ebf,1
\x16aa252fc8a60187e7f52a2f0f2292914f65caa3,1
\xf16dd2cb327ed8fb5a76de9788dd2fbe8a99d43c,1
\x8e5c2f736a2df4e2759b56e9c2f1512b18c5f33f,1
\x896002e29fe4cda28a3ae139b0bf7bac26b33a8c,1
\x1161d320dd3c6aa1a2fb9989372eca2049ad9285,1
\x015fc0f9a30b6353b6ea191d7c4ba6c8aade92d7,1
\x302837cc3fe963a731dd5afdbd49b6c160a68b15,1
\x76a81325e0bdc64d5f1e28ecf8f6881cbe32cd20,1
\x420498ff325f225f8d25cf86fba19cd046c1c73c,1
\xe12776d24fcf00c2966dce5bdcec284236901c77,1
\xb2542814f3245b4d499051afbf7034e897cceb95,1
\x5cac404d11250cd241b719487f47e3d720873cfd,1
\xd8de315eb7a00f4155d1ea9eb4eb6888ae715631,1
\x30b7666a760cc3936e2c03638af18799efa7f0dc,1
\x5380fe53ce0ecd4b1566bb6de9c9b537462efa55,1
\xa14ef0e1c1b3fe72706dc5f69ce0595e9dba0646,1
\xbbb76fadda3aee3ca50ff13a03a102985e591d6f,1
\xa495893ceb72ae222d1e34d2dc1872b83c47d5fa,1
\x15b56359a31b7a7dd51da0de9315142da3b0c4a5,1
\xc065f5d649cdbe291f67d282b31e49eefa17ef11,1
\x83a448b04de68244c5d888fbbc0fdbccfa220627,1
\xc208934e867dfcdc10e5ab58b631d2c3185edbc9,1
\x8e2a89ff2f45ed7f8c8506f846200d671e2f176f,1
\x4afddbb29f642002ffabe99aec97b561f806b768,1
\xd2abd7a3333395a1ed7e54c67edf43ef934033a1,1
\x8046b4c45eb79b2c4d884260c5538383fd98d8e7,1
\x107a6578ab250f79f9763fc825e8d6cab0d33c6a,1
\x6f24ce49bc95841d7629e3714cf80c7f9dbb43bb,1
\x543f1c2e2d5f45456a0135bbebcc73f4e67a26ce,1
\x99d6d24012361620bfa1a3f16d4e745066fc7c69,1
\xacf5f0cc710a0b913c2eb58e3d2d84f388ab0bdd,1
\x4da86df3d1a243dbc85b97fd07d3e1e4ae2aa1e5,1
\xf335baa6e6ad984150a8526238808d2bff69869d,1
\xaf4858ba6edaf0c2121051c361ec8c898606185c,1
\x129fca3faedc7152ad19486b3da6fd8ac1d01336,1
\xb188daddde4df91fd4cc4aadc5334873099d4b94,1
\xb7828e0f8c1eee6a278ad1b0704a8df170ecd481,1
\x0c0057af75d6fcb35566621e8639ba06755c4c29,1
\xedb7af625443bec75d53544e091ee3492ede8bc2,1
\x2e3179c194ef3abfaee73c38b45ef8c65b2137b1,1
\xca29fe77497f8c93cae65a3b4698f0c1c9914676,1
\xa3b0d8a6227fd2a493cc8306ce3e1e1335342433,1
\xe6321346078f6500c599786f20713c5aa8b22867,1
\x92d4aff002b0cb49d64f592fbb64b3099d6b4504,1
\x696d181a7961ee66c42f1ebeddc0b48b106c45ad,1
\xea96eddf997b45e22dd7cdb0ee45744f53e33693,1
\x06c4865ab16c9c760622f19a313a2e637e2e66a2,1
\x1860a619d26f4998c3c5fac85738ecd912bf34b5,1
\x14987ba7b4dfdadbde5c4b43089e0c47110cbd97,1
\x9dd458ded7149d14a904622fcf1754472a8a31e5,1
\xab6a56ddb7d7060f1ba3b2134f3af9ad551e132e,1
\x76024694ed557264719683b0ceab8df1a572262e,1
\x175256f85a43d02a252c3e2b953fa8efdff9972b,1
\xb7562f12e41c762cecda99d62bd6eac7b0c3b4c1,1
\x4ffc3884669e442e5d2f687b2c70504d942ba129,1
\xa2f1356191ca07dcc50c03465bcec0ec25089501,1
\x5f4ef5c539a56291665fcca4e6b7a6446ad11cc1,1
\x971bbbf3d2aed41756aa7e67a04116c3d98ffcf4,1
\x61a5a1f7101c83e61f8f4746d5bf36253d8a4085,1
\x3a07527532785e508587fc1a69394d5cb8c32a2b,1
\xe8f4e1afebfb4e88a0695ccc3259bbe52110a27a,1
\x1f917ee189d9c3d745b1493820bd6247ba59a2eb,1
\xa888f9f1df01c65d7b164f4e3368f482eda0ee8a,1
\x837127a08777362554c7a3fd23794d804a6491e8,1
\x50bbd57946008365c94b7a810ee5c91b7cdf5ed1,1
\x79fcf63bc28b68c8dc768d254d40ee19749900c3,1
\xcce9e247ff26be09fd1432f47216dc206d965031,1
\xab43c10ab9c613eb2f7f0282ccfafd36969e9502,1
\xca23efd643660d5502c9096464e465d9c06ff56c,1
\xd71bc2f22277fdb8e2b2163e9c6f8a1cc36ff985,1
\xf19b96f6b81894bb5d6e5197bbcf8f845495980b,1
\xcf0fb4d249b8c2f17dd805ac2b6f28ffc3d0049c,1
\x5ad9af22b0b2603d7f9d8b8fcc4d262aa6f5de87,1
\xafb6336f84adfec7bbf0de95797b608d4815733e,1
\x721c7fffe9ac426a028e616677811f755fa99eba,1
\x23c14e77e980e8d90851c72678ec5f4255af7874,1
\x9137af8c25f00598afc6addd97dbd1c390770444,1
\x17dfd18987b6b131686fea478600b75d11193335,1
\xb35e71b6a5aebb07dfc3aa705968411ebdbc003f,1
\x8a3e323d498d3f81a1a2c48a436e892886f127d1,1
\x6c13fc8ef50144a21702415d57ece0a09879fcfb,1
\x49a1a06e90cc1b80f005000da8c9cad57dc659ea,1
\x1cfcac0ed7bd0258d678c2c0cc18b2f336eda000,1
\x3420c19bcd121e6febcc20fd502b14a71c2f857b,1
\x73a4b191658d8b0a78a8001d79f9af03280c666a,1
\xc9cd6316894870248c51a9496d9cacb159f89238,1
\x5a756d9c7caa740e0342f755fa8ad32e6f83726b,1
\xb048d747f7e2d63f1cb2cca0e8e0dcbe7e777b96,1
\x0df58d7d446867137824975d95b2d3235f5d3955,1
\x0a771437ee59dcd30429dda71a1a011db8957bd1,1
\x1f14c2f40400471fb4a3aef1390f6bbbf2ad8f99,1
\x6d479e1c8aa4d0c778ef1e8a758bb0e753929019,1
\x62f304b281b05434f1cfdd909dfd318fc443ff5e,1
\xeca43946dbeeecf791cb8ff330f2d0c415934184,1
\x9a5cdc551713f81849367f65446a054c7c02079b,1
\xe5f55468585ef91cf1a87aa3af4c830fa7ae78de,1
\x53e262aa44d9fd193be60ab035c41f97ef4eea2a,1
\x2da98019cb3495566877c01535b48caf4c2502c5,1
\xadbb884cbe72c934bf54b29430d73c5e844ffcca,1
\x95ff99f23f69e5fb6bf4b5bc34c278636f6dc436,1
\x48b211039586619b04cfb3b040cdd12165e3a9cf,1
\x7452e7d530078dbd6a2ed65007bea00a4d60f138,1
\xb83a2b9929cf97146d7881ff8abbfe738700efc1,1
\xdb3ec7b16fd60fb4fdb58a438bd8af57d8d3a91c,1
\xa2277f4ae7e6380de426fa334b05d4ceb39f1d47,1
\xc013122ef9df0e92c7654878908c47f63a77c247,1
\x51470680d9ab003a53a81fe7bcd9f3f85ad84069,1
\x113406a66a9c41b9899f9bf08c39931cd7437ac3,1
\x3347fee5910775b1c4b164d411dc517d7499a68a,1
\x630be77015a972686b094b1391a0a954bb86d089,1
\x3ec44a823e07555b5f889d8d954eec736eb5865b,1
\x2fe59a3d4379a127adb934bcb9fcccf2c770eb97,1
\x4121dd930b15742b6d2e89b41284a79320bb8503,1
\x165842f312afac412c0e501050a908bf11a0c224,1
\x536a32e1448cc9e8910d319d8d4639abfb13fbd9,1
\x86ef46edde4b1a735192a358889c831d01cb84c5,1
\x64efa51222cfa21215011029d4ebf39b59f0bb70,1
\x2168577af945529fc223e3a2f6d55cc68d8f294a,1
\x1d8e302e451b6698f000809dcb7f51ae4b708936,1
\xa60dd9d42fdd43e91da63bd261997e14f21c69fd,1
\x7dce597d43c62302a5a4be4444724a9c7b6b84ce,1
\xa1e2421a68f0208b75acb0014a69e89b1f7492ea,1
\x9d0282c49f309550691dd9d230613815f8245671,1
\x4646870d5379936f95220fba9cd2d4d17ab2e18e,1
\x73084e4338a64d73180d039fae40a0e92b105f35,1
\x7d4053510c0e2ce0f127cf890fdb84f1a36cdc6d,1
\x59c9d046d43b28816393825a3688d93b82bdd625,1
\x39643f31647d78fe1ccfbd9b95c1155262a0f55c,1
\x306e66c30f2dd2be188f72132ca71a31a9919bab,1
\xab3a82c3b116e6eb82fca87c4ef432d859d856d8,1
\x1788402dd29ca037d11ad4b07a075bf72d862c2c,1
\x842fcd1d99c0c3469022a51685dada5afa91a4e2,1
\x4101ec64896fa8afda5be145b6321275bb375fe0,1
\x37a47da4cc880529ed7fb5dff79bd62f384ea16c,1
\x1e25af449af3a8a37b66367869ca7002036e98ba,1
\x4f27ee7ad5ef8d881f62511a36a245e99eaed800,1
\x7bc1cb8e6d6efea608c89e528594b00275ed4aea,1
\xda3605d79bc9e6ddef9bc8166c922cf7fd7c01a0,1
\x88888888630a14a066db7943708032e8fa37a75a,1
\xfcba0693fc16dcb2a4e8fa7ed3da31f5296993e4,1
\x9864afd1ba62375dc849c5648b338c976930d303,1
\x9a3aa8a638f8e67ff73ce671ac49bc3d2eb69538,1
\x09f02da0a216e9284c28a1e6c04ae2315196eb3b,1
\xe4eb8618c89cce2644707604ca9e0848af945028,1
\xc11c704f3eb8d7852794dd9d8034ea8e7ebb263a,1
\x4ecbaa7d2f86f2d78c04f49986ec2c57938752a6,1
\xf2664dfa7924d9f3895349bae785027ab9da1c87,1
\x5ebe6914e5457ab8e16457cdb4277254ba6fc122,1
\xadfda5e88d3642219427dc8278029b17a7df5ce0,1
\x0a347720a175ae6d6aa4652871441d6f95a6de0c,1
\x80407bbc071c34ab9ad0683c74903aba676775d7,1
\xeaa9f18fcde4ab8d3e7c8adadb2d1e13fdd1392c,1
\x2a795ae6a556d159a826b57d58f1381f74cd9f2e,1
\x0ba44788377bf31e563e4a89057a5fee0c2ac5b8,1
\x70fcc69a34922364f79b244a7ba03f1f87b28bca,1
\xa1a52925369c3870aacf26decf7a8727e5a47fb7,1
\x93cb1193f316f218eb2daf0c7b958913da39b699,1
\x62c7db69210cb72fe1f8966c87131e9c0abf7ce7,1
\x0da9cad19070e287498fe72c3c9ed657db79de1d,1
\x1ba1ff69f03d38af7ef40e3afdc53ad073eb4642,1
\x0f8361ef329b43fa48ac66a7cd8f619c517274f1,1
\x016e9e2497544790d71411911b187cbd26b43458,1
\xccb23a9bbae99909b1102549f9a96c2b137a60ec,1
\x276dafa198cb35c28132e989a14af28ea1712175,1
\x90f5cca4d9063abaa36604c7e045893ed707b62d,1
\x8cd3bb4fbfdfee013af5ac9c46f0c22746b095af,1
\x16bc93428d68b05158c5f80fee4234b6f0a1a336,1
\x4472bb74c21974ff53b6bd2e1997db3a7cd4666c,1
\xb47e289befcc72b066f0900aacf16bcfef5861de,1
\xc7cb1dd7b1aaade4a75b69e472c3d8314af4ea4c,1
\x124d05e1cf1316141463224e3b9a9592044ee325,1
\x8a6d7f7f95df0c607560fa497bd1886e9c092ce2,1
\xbfee73e88b4257c6a13854c746f32a29fcb9efd5,1
\xbf83edba541786fe221beb20c81d2fefe5cfee2b,1
\x0e7ed4d784717d1b7d82922fc79af6a45f17d81a,1
\x0c9bc432c1b470282ca284bd31edcfce9af2d733,1
\x4953b5f3980f0fe8584f84c9a1ad93013ebe29c6,1
\x38a7d735aca3c939f189a92f41cc1f34da2907d5,1
\xd32b0a3d760fd00d9fe44dc7793a5fe3c028159a,1
\xcc54a768677a6b8689eb92907f964d11a1f1b77e,1
\x1cb00ec6262f6262ed88cf96327fa137fc7af09e,1
\xcb36bbbeb8ea1900472bbd35032c3f0000ccdf2f,1
\x18cce26836d780287ba5f99a3a65779799c971f6,1
\xf34307036838e2ffb7b785df7685c2e1b7d1f71c,1
\xe233be6844671b8569a07cdb0b21ed910efd7652,1
\x8f3d7c5cf34d33df17627091ca16f129e91395f5,1
\x269e07eac18b3681f3447263c28a766457ff074b,1
\x2be21ec97c340301e903f65f66901a23c48f4873,1
\xafde46e61d89e564cd3200cb2e32d6ace5c77f53,1
\xaba1aa0cf3755ed43fe6acaf24abce6c26496322,1
\x7c311ed6a4bbe1afecb7cef411282622161c9cae,1
\x5801db6d8ab5bed09ce1a5be5ce1f3343418b4c3,1
\x20061f7d038ee614c9688b899e1f0cb63a4e921b,1
\xb6bd1b9b3e6e3512bb354789289f6d8fbc0f65bc,1
\x242c7bb2ef3027cb94567e365f12fa89ed518630,1
\xf9107317b0ff77ed5b7adea15e50514a3564002b,1
\x6545a8cb2d809f8488e89480df5055fb176aa318,1
\x20580139460ed4c3cc7af00beaea9cbcd6fc7f8e,1
\x0c399a9ddd1823aeb29feff3d061095ba6df0533,1
\x048cfe86325ecb012e4cc05495683e229eaca7ad,1
\xee620a0991d57f464aad452789a4564ba51245e8,1
\x569cf365b6e2ce601624aa115f8c84503f22b86a,1
\x3c60e5175ad8d4200bbd2440a343ae91f94f4c9e,1
\xd172b0f73413f36b32fdb7c2a35aaf51571f2197,1
\x9fb7563a1969f034e8feb83e499c967d31538e86,1
\x1be6eb4b0b216e10fb5a2ea72f792ddb0cc70df5,1
\xc79a3019c824e512bc7c6f2d64c0ccac5308a020,1
\x58dc53f7175fdd30c70ab5717c6e91edd8aed017,1
\x8f97c9ba31097e5c0f96a492ecfdbf92be5b4126,1
\x463d49199abc1def3fe7dbccec5a73f668bf5fb1,1
\xb355df7a527f215f51af23396c69094955840e2c,1
\x35f36467ca7c6d1b4e33e5d183aef9a01486efa7,1
\x0dbb0cff7c9515fc56d352ee37aeeefdf43b25fe,1
\x8ed876fded3699c590be3e12cef56e23376eff3b,1
\x7558899d8109d8a2ce457837ade56c3d6ebfe90d,1
\x6a61857928149cb7cd2ad29251902787bcf9c3b0,1
\x11ab768cf559e2afb3ca33619f7f2e981d6eb705,1
\xf42ad66f4b66628584f2e97421a008d62a8f116c,1
\x528cd3a3db61d0e325bcd486baeee8e7317206af,1
\x750e0cbae6e9e06dd7f4592db49ba4cdb462f7f0,1
\xd0d4a04909130a9e2d3ca142e53d608949702b52,1
\x3306af0be8d44b95539b156ddfcd634b94e1a7a5,1
\xf935861a8b8cc6867eeb463d97b501c69d177092,1
\xa38f82506c3ab79816d625ad286574133fc6f4e9,1
\x1334fdd8ae0694168785aca024768f1d99b65ff9,1
\x57ddab0ca4f0c49553228c180ec660ac1db99328,1
\x40b217b7bd9db65c58b7eea33b6b20879b1b3b16,1
\xf748274a17edf12b913d5eec30093bb8871be154,1
\xcf353f8abfa2c34ca65de7ef19126f0e888049b4,1
\xa94fed541bdc4c82a02db3c926dfcc85d63d526c,1
\x6857fce86f54085778ab61438b25b7f0acb6984a,1
\xb89b619e3f6c35019d4be83e92e99e809af8ecb3,1
\x08b7ab9bbc3a07cf7f75b4acec5b536b7e040cfc,1
\x51448923d8a215a5a8cd872a51f22c2f5c43b444,1
\x4df5eab795e7ecb93d81aea7ccddcee13211e99b,1
\xbe39fe921d056769ef3657ec9003d235bf5c381f,1
\x520fe46a22aa0420ecb6ae10d2324da6ab41a89b,1
\x455839e1ffafe624051de0b89d3eb2930ea4d69d,1
\x5d75201f7d0f743aa31e64930d504abd5af826cf,1
\x5fe21bdc748285b817cd6602fe01150cb36e8cbb,1
\xa181a3c3460ad5a2650f380352e3e68111e3d60e,1
\x8d6a531cf61f8182346f50d5beb79461cb58d5fb,1
\x8b88581440bdbfacbbdec0a9e00afa31d31f7656,1
\x7e4f58862345249e0f817c566cb91b640f8921ff,1
\x334c5b9f732174caa4b7a67d2178b7e74a527003,1
\x2949764c330a13a00b3b49dd36b1943908d04e09,1
\x7de4ffa6081d4c1109979418343d6efbd2343f88,1
\x780f3308b5eeef72135f2843a90fe64cc0698fbb,1
\x169604c0eac7914016f9ecd018174fc860d02dbe,1
\x3f3a2cc56fc928712bc800e82b5ae3179ce550e2,1
\x2911c43622e9939b6d1f0f677d92b4bd95acb90f,1
\x6ceea0fc41387fc6780aa78125ffde3ece0dc103,1
\x1e38f714ae87a73bc6e8c18b148841255ab81a3d,1
\xf484dcd112000fd70c075677a84eef410e5de117,1
\x8d470921050899284b451d6a65f4204eee4aaf8f,1
\x3ce1e7a2b491dd5e545bca1a480ed1084712798f,1
\xbb67bce8d0e63082a5a349b35439f14c167e08f6,1
\x60c1a749c390d2e18ff84ebc17c74a28fac0c6c9,1
\xb24156b92244c1541f916511e879e60710e30b84,1
\x32ae4db3201e581b6ddc5ab3a1acb2d3285a2dac,1
\xea0f1f68d7c3f580a80e170a21ee0ce34cdcdd17,1
\x354044d39f1e31109ecab3407b99b2ad5ed6515d,1
\x576eb27cbf54518d3de5a38ea7746ef6a9b8b5e6,1
\x4f4892b239b22e57f4722654b5beec58bdc94994,1
\x61cf236593f58879b05c63641a92c82978181c5f,1
\x391985fdf0f28de092027d52763621221684cadf,1
\xc39b7ba519c3037d4518571bde098ad0a015eeb3,1
\xd3f8d4322d18f7320912c18c88c55b3c8cd9d83f,1
\x1115246fa9f9faeb7fae4bbce9a787589a4feacf,1
\xdf92929fbb271a5dbb5eccc8cf84ea5448077d02,1
\xbdc3b9e80f603e92470631cd58d7a95ff2db3726,1
\x1dfe55387ea71ee6acbf15c4a619f48dd6713ba2,1
\xd5c5623879ed4b16aa300b813b658cd0b538168b,1
\xc5d20b24c40a4d8489af847efd2efd12edf5b158,1
\x52b0c756d6f36af804c51211bd5a1fa4ab5dc911,1
\x90eb99fd053467d1727abe932a03c64e612c28d6,1
\xd498b7af967acb1893e86726bb7855232739215e,1
\x1028c87fee6b56e9e0643e5865f82ced6319bd3d,1
\xba74a065689e87d82bcc5dce6bdf7646ac83499c,1
\x1c3be20a226333e26833618b96e9d10aa741da6e,1
\xc889690a889beb22c84d08acb40b8a38654f4f1f,1
\x9ac41e441131d8bad5f165c2a8dd71e5f7bfaea8,1
\xbd19a3f0a9cace18513a1e2863d648d13975cb30,1
\xd4ef1aa497a13118d3874b65472d3f7f613f0fc9,1
\xb8832d516d0f3094b4bdc5400e36a2a6984233ea,1
\x2252050a7e42e6eaf47e04609140bf73e0f4a998,1
\x8fc96fec9fc41a8808f68e1afcf1cb7f69011d27,1
\x78a6ea0a3a1bc525a2d1a703a1eda7e83d030ea0,1
\x22a93539e28418b7e481d6ad3b288570e349270c,1
\xb3565f0dd95a8cfdea02fe1a276eda17df56424a,1
\x82f1291ce66e8be1d53c2eace07872007f8afa88,1
\xc46ff23764eee6293e94420342bba6e885f9deaf,1
\x70f9e695823a748d0f492c86be093c220a8d487a,1
\x4d477f1aabcfc2fc3fc9b802e861c013e0123ad9,1
\x707fabd52037dca7bb897772ce3319d9b3325103,1
\x3137291eccdbb27e09a7c7137ea38076429a8193,1
\x2089e0fbef4078338c3f8a120c508d0d8b676fd9,1
\xbdfc1d074a26d560f2a4b598705b7f4ece974ec0,1
\x78060a72d6085f39b00f1b5e3907284f9b136bcd,1
\x2864a9b165dc16a1389ece36a979d5eba4e75eab,1
\x209ee01ba022892748fe86d834d4147d219ef139,1
\xd2f91edd7dd5388737552d18d99555313dcd78e0,1
\x2b51e79601dc0c503d59b534510e186d533e91bd,1
\x363abd787ffbb039a51716b756eceb46881788a8,1
\xc1feb0b7d66a3d43a3bdd6a13c28a58bd701fc7b,1
\xda66ec4ce8740f9a0e77723c2e8a71a8d4d27ea6,1
\xd1570080bcb784b4f5e378dfd4cdffdfd6c110f6,1
\xc8cd1567acfabfcbecc76776cd92e0b95fb3a806,1
\xfdd86fd2395b02aa598906df37bbbff7d0f7a417,1
\x3290603e448a2ce1831a4c4e68385d5e1531aced,1
\x10e19302240fa6b9d7c86a93781157e21f645a96,1
\xa3d4da2c3d6da86ba95d6649789d5b3a41e0d66f,1
\x6c7ee52160f77d34bf496c15d62a767fafabe663,1
\x55ebb129ee36484da3978f5d54f0886bb07f1efd,1
\x533a0ea2994fe49df6886f493231dcd161108e51,1
\xb936e9d14b819796ca0e1576cb6ce8f438e04848,1
\x706d961ab69d54a0fcbaa13e77842279a5724139,1
\x7bda037dfdf9cd9ad261d27f489924aebbce71ac,1
\xf67c983c2f082cc9d4d4aedce855953326141675,1
\xef031cb9000c5132d0c3973e124c75614e92987b,1
\xb3cfaa16368a907bf8f195e27eda60b0477a8a5c,1
\x95c00d2cf32edba4cfec2ef6086829942aad70a0,1
\x341dcd9e49fb06bc47858896f2e4cb7ac00772af,1
\x167b9a373f4d83754eabb8be3349b5c4b80ad873,1
\x24a7750d542c9322112c84f5192fbbea0295de7d,1
\xc2c93a56e3a6fe97927d238d12ceeb3a45d3dddb,1
\xe97f8e5dee319d0ffab30bc0b250b15458faf4cb,1
\x1071a56413701b104f35fcd0a94822457e512114,1
\x3d8c71e8621ff9195edbe433f61f8d74eb6e7a49,1
\x03894d4ac41dd6c4c2f524ed4417c90fa46972c6,1
\xb328a96c16dd5598df8ba4570fdfa97b503115c4,1
\x58944799b0fdf8f13f134724741967c45f329ba3,1
\x4d246e41d7131ff60cd533c13bd2aafce7ab1265,1
\x5d8b04e983a2f83174530a3574e89f42e5ee066e,1
\x9a78356cf908a68a74066d40fd62fd8ed40dcd8d,1
\xa8293dd8eb52564a35b8357a539146321b934153,1
\x8a5847fd0e592b058c026c5fdc322aee834b87f5,1
\x84e3e0f568ed68b4f6827fe797444b3d5b1fd8b5,1
\x0111dcc6fc2df10b1145fdcfed2bcf1b1c00de91,1
\x403d989dabe558344422b86f445d0f523e678c40,1
\x0f560d3b9a4000736d41943968181fec774322b3,1
\x0aa5973f2614dccfbe53c8273da22502d7e4fbd5,1
\xbc04652b7657e9a7c2778f04b425683955de88c1,1
\x22661085082c30ccc826117547f134563cd1ce69,1
\xa2c943092a8d2205721ba21c842cb94c40cb5215,1
\x8467f76ba0b033232e37c9b8cc4c28756400553a,1
\x76d2ddce6b781e66c4b184c82fbf4f94346cfb0d,1
\x72979fcb6b29b534c1213a267f14bb23e84fdc8d,1
\xf23a9799fe0011acb4326306a539b88644ac19a2,1
\xb3a07d84b00aeaa79a2bac3cd196ab8a39a0c4e2,1
\x6e0f19c2d538c2123b73b710c0bef48bd05bb040,1
\xc4676e5e99b823e54b3e6c32c8143bb441633eea,1
\xbe13517a2b520b2449068d2ec45280992b04047b,1
\x98173d41603a1ca46326f2f4e06bfef7e16df544,1
\x66ad6ca79ae559d768451c802e74e89390e8570c,1
\x416365993481e52e0472e7417656276d4e147a00,1
\xe7eddaa6bd37849a8a39cd963b1da137032c9146,1
\x7c2bfdbf170bbfbb2984f70d979470c141962e71,1
\xe53085d26544daf3ba8f66b2d1b108e285cc51f9,1
\x081ab2fa7f8f4d9e89f017ca1195b0cc75245aee,1
\x682668912cb71471b87733e95a6d51af2d3b1da8,1
\x8a17ee3fa5107df11bc569482f112b8461c5fef6,1
\x8791c9057566af6f55f18fdbea4465e1b1ee2f8e,1
\x10faa4db982b861ad4be47b2b94c5b4c6f1969d8,1
\xce9cc2efb00a730009346b173045dba73fd3327c,1
\x642d38840ebfda55911f83b1cf8b5fcb1d5fce36,1
\x3adb265793103492149157648de01b87d1211d2b,1
\x7c7ecab608b0cf22c36886cbc9584619b9fc2e6e,1
\x08896945c5bd65cc8c216e7efd6969b9cc306ed5,1
\xad3532392b4a3d427f3af5c7dd3b3dd882f74439,1
\xaca4ab44dcd2ec6982bb5238bf1daf268c159699,1
\x9885a84930e3c8c865a1d3debdc204f990bab7c3,1
\xe75e02de9b5559f2edbc673f500a5009d9e091ac,1
\x3dbadc86d19416ec16d81aa07ff2609e6241e7e9,1
\x5db63f987817910bbb9656b5210990408d3831fb,1
\x421e974b7bb831359050e5511db8e9df9ebdcba5,1
\x0ec34c4ce8ecae920f3c62a1f3b6ee3b8c14a20b,1
\xcf04f9e6fc622447c25ef04bb63b5310c9723f83,1
\x01b7baa7baa864fef3cd1c7bc118cc97cedcb33f,1
\x5691df0ddc35ce430856a333566e2b19b7c9abcc,1
\xb5611a2ffc654d3f3410341a325dd126e7f803b7,1
\x642d0cb665e2db0708c57eeb8164cae19b0f0a05,1
\x7f7bac92aa3e28351f9e89535ca334e8a44542d0,1
\x714b831eb02fe854283219b2b9f1c6951f46dcb9,1
\x04e143012ddcd4da17c439992614f51d4f2d367d,1
\xe58c140284021e51024ed4196c1593628567bb6b,1
\x18fefe05f50c8875aadc26883c31b817a9452e1e,1
\x9f479ae664f0beda22c64e5f48a150a6f85acb77,1
\x8c302250f1f5f4a933b7a62b52e998b0a40c3917,1
\x8d292bd248f8f756ff5aaabacda9d465bceae6c3,1
\xec561dd73346f761d1c09f46999bc8ea1b1e95a2,1
\x183b55b55127d35d3424e838aad045692045a144,1
\xf5ba7ba31bb7c50140515a7ca204d675520064fa,1
\x207053a23d86fe3697dc073461f293894a931a72,1
\xeb449ec00f73860fdfa659feb79005065351119f,1
\x54e83ce35884af2e263952f381013757218ecba7,1
\x02cb44df23e2a5840eef59dbed570aad6401d3fa,1
\xebe87a7b276a20ee608d82313c2b29e72e9b64cb,1
\x9ba6baa919bac9acd901df3bfde848fe006d3cae,1
\x90ff89c637fd1537e151b8ced1d1d0cb94e31ca6,1
\xb89729bc7eebbfad2f3dd073ee8f200d1116ae8b,1
\x5b78f06123ee99dc8b21d4e1ef51afe08059d5ec,1
\xa7c1ffdd40705b56785b31d48ff355e7b6f0336d,1
\xf226018b76f2f7cb45ad5829a7eedd4214580a3f,1
\x400d6cf58fcd2f537b0c455ef9316e0e47803786,1
\x8077008a7758e33bd84a8d6c74989de036587f8b,1
\x48a9789428f2067338d02b1ef3612df64f05feb7,1
\xd8c19b45061b8fc74136c06ee5cb464e6aa7cbba,1
\xf320187b3aed99e8e4a550c899cab45460ea6298,1
\x0e2b29408e475567eef4d0e729915f2a38521844,1
\xa297a06221ab3c846354e7fb1b37eb5da06bda21,1
\xc4fb550fa8f2a6e5178711e56d5b48dedf897e5e,1
\x1905c219482c168a1f016d84446bdb6db3ebd8d1,1
\x165b59378d463d808cc287ee5af8ef88f6d7714b,1
\x0d75363981488f3376fdce70fb5a6dd47c1ed935,1
\xf9b3c583de855a7fb290eb248c39da5dff4aea08,1
\xac35b645b14d8252d49df77948ef3c215f2ec13f,1
\xa93f416e8452b131a3b5f235be8790af2b3fec57,1
\x54cce2fde51da89356a3a5522af39e9c2169d4f4,1
\xc0c2429b8008b35ded73b53aca235c1d5591c412,1
\xa152f9a4c660282ce88c88d2c1d41d7d167735f3,1
\xa785c26a95a6cdfbe85edd71388a23854d441c36,1
\x97b102e00d88f02debfd6b1e4b901dd6931bb982,1
\x9526818a8f5d997652c213a28cc532cf6b709aa4,1
\xbf62319147a6fb8dcb9bd907b890195be6929222,1
\x8864486c1be43143b2fb2992777ba0b85129f3e4,1
\x4b9e866fed412465310a9f7ab4e045b99be2f1f0,1
\x5b8970a3cf1136f09957c7ccd9b42edd3c0153ab,1
\x3d21a58408c47dd4631da17d1c492d06acfef085,1
\x1e39cc29009ed4760c186d8771295c1e224882d4,1
\x300871c1c6024f8f9a7afe3bf22f3d538c8b96ae,1
