address,interacted
\x00ad3d4cc099be937879451698c673cbd5c3cefc,1
\x00df99e12315cac90f49527b07d753b7fe9faccd,1
\x03894d4ac41dd6c4c2f524ed4417c90fa46972c6,1
\x048cfe86325ecb012e4cc05495683e229eaca7ad,1
\x06c4865ab16c9c760622f19a313a2e637e2e66a2,1
\x081ab2fa7f8f4d9e89f017ca1195b0cc75245aee,1
\x084ddbe78907200280f5499b6c79a602fb2651eb,1
\x099c50bee65eecdcd209c38f1207fc334ea5eab1,1
\x0a652656e9e407a52a4ea2840ace0dfeb7daeb44,1
\x0a732f1b8940b380fa6ccbdedbc0f51268199b59,1
\x0ba43bae4613e03492e4c17af3b014b6c3202b9d,1
\x0bd812cf2073d7c1371a974245a135503410766e,1
\x0c387030a5d3acdcde1a8ddaf26df31bbc1ce763,1
\x0c9bd532b479c26613b2f9d9d4af4c8c6c29ac34,1
\x0e20f1b901b56c8ac091111ed4ed4f8ba65432a4,1
\x0f8361ef329b43fa48ac66a7cd8f619c517274f1,1
\x106eea43da1a6ba296286f7c134d6aca619d9a30,1
\x131975ca3e75259e60afeb1cd34051a6804da505,1
\x14987ba7b4dfdadbde5c4b43089e0c47110cbd97,1
\x1573f71fbe91a46489e474139dd6db0809908b04,1
\x167b9a373f4d83754eabb8be3349b5c4b80ad873,1
\x1754352eacb753327fec2d4f48f0fb36b672c5e0,1
\x183b55b55127d35d3424e838aad045692045a144,1
\x1853dc4fbfe3b29012ac6df6ca44b4fca0aa1959,1
\x1a27881e041737bc7ef5c616a8af08ec7e51db40,1
\x1acea492e78dc5d2ba007ff0a68f55dc4bb05ee9,1
\x1b345023bbcd5cf70781f389bb7c45b9a5f31669,1
\x1be6eb4b0b216e10fb5a2ea72f792ddb0cc70df5,1
\x1bf555e99b9056e75f5752ebf6593c4929bf5d50,1
\x1c85d6ae1336d0e4e3f165bbfa9641bfa04cedb1,1
\x1da2b5573ef050f00f453358514337c62dc9e469,1
\x1df428833f2c9fb1ef098754e5d710432450d706,1
\x1dfe55387ea71ee6acbf15c4a619f48dd6713ba2,1
\x1e25af449af3a8a37b66367869ca7002036e98ba,1
\x225926517c5dbc4b6f3561e400121be77aa20acf,1
\x22661085082c30ccc826117547f134563cd1ce69,1
\x2572b493444f64b075e349c07497961c84b8cb5a,1
\x2d054602f39ee2285fdde7300753e9484d42adbd,1
\x2e5300eabf71950b00ddd6a59690cfd8852ad3b9,1
\x315e1a5c796b734585c27e615b774441372fbd08,1
\x327b9dee1830f8201efa751fd96f7b1ad0b300a1,1
\x32bde9b3ecae97c74cac2b2e1c96b7d206ebc2ab,1
\x3310bf03fd4906ac516502b52fc1fcd241c4b01a,1
\x33e60d43916b0d89bdf9665190228877cd405199,1
\x3420c19bcd121e6febcc20fd502b14a71c2f857b,1
\x34a95b6e224debab6f4da25db16e0fe0ab6cef11,1
\x354044d39f1e31109ecab3407b99b2ad5ed6515d,1
\x366e58737164430af4aed2856840be9bb148bdc7,1
\x3720982350c92e75e63a1b590d9e4562b79b01b8,1
\x38a48b784dbe0a5a784f971eda83a9550ddf8300,1
\x398738f63ad44302c5c4e718bdab6c1da2a11cf1,1
\x3b35690f4bdb3e99feb9eebbd6df5486550e176f,1
\x3b9891e012d99f9a3e26373a461885101565ef6d,1
\x3c329f1ebb707c6c2fc3e4e3ab4620f932891ec4,1
\x3d73d0403824b07e81903a60afb71fa449c526f7,1
\x3e7db4cabefbac7968ac8c877fee41adf51f98d0,1
\x3f47751c0412fd3bf48cd3b29aea249e58f0a959,1
\x402d130c64bca6aeeddda244687bd6111b06b310,1
\x40f6d9dbf0ef7260b1596fe15a2735a13f8d9cdb,1
\x421e4a2a857f7d7da4fbd96d6268baf8e5256eec,1
\x437e9c1a8fe9d501e3354f8a81a061958c25d04d,1
\x439b17c99a07d4879d177c8738d7dd8fb9840450,1
\x44e2f285f26bf65b5396873dd25b8d82a63e5546,1
\x477c2087f3d6e49b1be5c790a33b3a025a4fa569,1
\x478849da9c519ded12d04ec6e896af6adf3cdd73,1
\x47c61977105a662eb1aa713f13cf362ba049bb8c,1
\x4906b143abc26a176d7fd6ce7763c954490418de,1
\x4a3e6e66f8c32bc05a50879f872b1177a1573cdf,1
\x4b771e3421d4fbecc6eb67a26af77aca85ef2ac3,1
\x4f6a5270946cc4b199b44e30c39d473e5cc85581,1
\x51470680d9ab003a53a81fe7bcd9f3f85ad84069,1
\x51c8c8d468ecd45b62270c3f16cf596ffaea7cdd,1
\x55d3984ed7349d6a5000b8cf8717e001e4eff7d8,1
\x567fdfa5c177987b9bab22e9eae42ce7ac788816,1
\x58b47ec65d985eed84c369f1bac7f054a2273018,1
\x5d81d4d59f0ab0a4163d8045ebf7777d4147df72,1
\x5db63f987817910bbb9656b5210990408d3831fb,1
\x5dfa5f5c2a5cbd13d9999e5e47f4aeca3df2a191,1
\x60171fd5330ea9e47dfb9a5093b76a56894d8500,1
\x60c1a749c390d2e18ff84ebc17c74a28fac0c6c9,1
\x624b54d7007aa7dc90fdbf9e7ca424710a23b2d5,1
\x631088af5a770bee50ffa7dd5dc18994616dc1ff,1
\x64efa51222cfa21215011029d4ebf39b59f0bb70,1
\x661a60cdc8434611e65f51065ec246bf0ba31ebf,1
\x6687c671980e65ebd722b9146fc61e2471558dd6,1
\x6986b5eee55d8ad8917d12779ffa4deeb563f73c,1
\x6a6a45d79c15710aed629cf2e76c1c8f5d3c45a1,1
\x6b545f95840093eee6c26c766b33822e1ec9de7a,1
\x6c99c45b39d1cddb61b272798ea1da2cdac9bcc8,1
\x6f3a6d9867d6213056b55ce52b55514215deb343,1
\x70d6932f5fb6883e6fe7f8476bf3993b86a7b59b,1
\x71124ffccc0b3ef102e092680cf173ac8fdf1bb8,1
\x714a97969a3ac9e25b661c824adb9ad01a94a040,1
\x714b831eb02fe854283219b2b9f1c6951f46dcb9,1
\x732052b8d446acdb4e43282ec39c1a385c811b02,1
\x7506e3d710c4005c085f548c70ced46ffd5447ea,1
\x759320ecd4146a597ab703427b9936f34f741938,1
\x76d2ddce6b781e66c4b184c82fbf4f94346cfb0d,1
\x76e0ec41eacd7f9c2e1faafac64f410dfceb387e,1
\x7721f140c2968d5c639a9b40a1e6ca48a9b7c41d,1
\x7754788ac133606139d4113f7fb8217110cc1d13,1
\x777c86972819dc421f648d9a154c6bcf6760c2fa,1
\x7934b4344d6308dc7aecd2f8cfe006ed87550422,1
\x7b397da5bd525aafc131107d47836304d65e446d,1
\x7b9044d2862e1bcf5212f9d41583c291cd5419f6,1
\x7dbb77e549aa6fd5d48c4f8fcdf9fb45825fc051,1
\x80407bbc071c34ab9ad0683c74903aba676775d7,1
\x8073c62366973b9960f4561f6a72c5826b75e828,1
\x8791c9057566af6f55f18fdbea4465e1b1ee2f8e,1
\x87d76725e2b0a4d407b331fb935f2c6e854c7d72,1
\x8c69f8d2f360d0bd12cb73b92e90a380e32987bb,1
\x8cd38bb257488ece8b34694432d1e30b7356fe5c,1
\x8d216b875b5a1355e5938cdef73b503231a81c6f,1
\x8d41a8fc6c7a6f07ce60b421f0f24c958e09211f,1
\x8d77bde0265162bd008bf333ca1b0a1676f9696d,1
\x8e20b74f7138be04436f97aa3cd03f099213bf97,1
\x919dd27c4ce3d9f1ccd17d2b46a9b9960f0e0932,1
\x9452244fcd1acd78ed22776e1f8bcdd63bb0b074,1
\x9487404e560b830408bd76c8534b3901fc8fef85,1
\x971bbbf3d2aed41756aa7e67a04116c3d98ffcf4,1
\x97dfe6101b79ba7e117330b424b82897d0fdaa1b,1
\x9b616ac1d31f17be9b23560d93699ca7732e2808,1
\x9d718f34aff6d6550c1e962a9558192d260b0283,1
\x9d76e9392887fdced5d1675ff1c1649b9b3754c3,1
\xa0e50999e37375b7ad73aa7c2287042bf8ff0f09,1
\xa2c943092a8d2205721ba21c842cb94c40cb5215,1
\xa2e7002e0ffc42e4228292d67c13a81fdd191870,1
\xa3141ccb226e557bb50baa1fa61e8f98b6f93934,1
\xa38e40797faa6ecbcfa4a64f14c7622d090e8a31,1
\xa3bb988e1b551df71c1e785415acb5d02043f934,1
\xa54a24f7aa6538ec46c8cc5ee9aed158c0624ec1,1
\xa783839c4fa4e7030866ddb3869db5355a820679,1
\xa78fec82ff6a272c79447a634eec401a640163fe,1
\xa906ad3271801c71c8408bb40b973e2d8230035d,1
\xa96cbc4c3651b25aebf9ec28d478781bc366bac7,1
\xa99f898530df1514a566f1a6562d62809e99557d,1
\xaa634afa9e085f64c100979d8fc40545e644352b,1
\xac18554be093f4cc4d86ec996fc5ffa8ea14ab27,1
\xadbb884cbe72c934bf54b29430d73c5e844ffcca,1
\xae477e884011c4bcd5584a01bdf02aa4de540aba,1
\xb08f95dbc639621dbaf48a472ae8fce0f6f56a6e,1
\xb141803cad1cd0dffd9c84baf688c10c25f3a573,1
\xb215a5d06b7427eb1e36b8e8095cf43e2aac6c78,1
\xb355df7a527f215f51af23396c69094955840e2c,1
\xb43e2382d875e4b48ab53b600da8a6955dd616bc,1
\xb48d6c33a96f5519c82569b478fcd723b3a94a2a,1
\xb61a84ee6a3db5a28632cba24b6bbb04b5e6b617,1
\xb7562f12e41c762cecda99d62bd6eac7b0c3b4c1,1
\xb89729bc7eebbfad2f3dd073ee8f200d1116ae8b,1
\xb8cebb8bd64b10ffd2208678bbdd2673e6582243,1
\xb9050dd2286e1eb806921ffbf162231d5ae97d64,1
\xbd1f7d88c76a86c60d41bddd4819fae404e7151e,1
\xbe39fe921d056769ef3657ec9003d235bf5c381f,1
\xbf62319147a6fb8dcb9bd907b890195be6929222,1
\xc0c2429b8008b35ded73b53aca235c1d5591c412,1
\xc10898eda672fdfc4ac0228bb1da9b2bf54c768f,1
\xc1ff85c123290878d8fa84bfd123b3c81909fe22,1
\xc2332295cfbcd03531a77b00a019f39335ab8d43,1
\xc2a622b764878faf9ab9078ad31303b24fd4b707,1
\xc433aad58c7af965a5ce7a3647286e46d333812b,1
\xc4676e5e99b823e54b3e6c32c8143bb441633eea,1
\xc53104efc160292eb9f4dc52c1a58d3ed54f9faf,1
\xc598af80cf61539e2df1ed657afac2d7c76601c5,1
\xc5f3a775d805d8e310dc88947dd55a8ba9b1a1f3,1
\xc7cb1dd7b1aaade4a75b69e472c3d8314af4ea4c,1
\xc87a03441dcd685525a3e91a2ba4577f16a7ec64,1
\xc8f796158bbebf7cf27237c622b9ff1e5b9cc735,1
\xc94fbca51171b7caeb6ab632bc0a355249d7719d,1
\xcaa99118985ffcd519ffdd63d19c07c7d83d6979,1
\xccb23a9bbae99909b1102549f9a96c2b137a60ec,1
\xcd5561b1be55c1fa4bba4749919a03219497b6ef,1
\xcd66a0ae53cc1f58b2e709e5def44d06a19c71ce,1
\xceb4365754e7b12b4a142f08e4b6bb9aee2abd11,1
\xcfb0c119be2d06f58a735108c40243120fc5849b,1
\xd3c8a21abddfab10c4e24c148da6e5937e81d1ce,1
\xd6803a63775e678a346d5c07cf101aa01dd88734,1
\xd6c23e2c0e19dfdf8638b076f1d076f7b29b74e1,1
\xd8c19b45061b8fc74136c06ee5cb464e6aa7cbba,1
\xd917eb4dcfccf91e6496702bc6309d5a59eef713,1
\xdb0b53ad3766da8de7b9de0d98d1ce25efa6ab6d,1
\xe11007ed31f370c8009edd5741bffb3fad63d783,1
\xe233be6844671b8569a07cdb0b21ed910efd7652,1
\xe3efb2c543ffc5f3b5654b2c259d4ce7f1ee9f7e,1
\xe4a9b34921ce86bdde9cc2c4fd39ea4fa9d02856,1
\xe74acf3b57d092db0e2f71f0435bab6ed95c3a72,1
\xe86e2fced3d1ea1a8ef2f1c4e1b6a38694439156,1
\xe9930640f874f2cd76d779fceba2396579b74bbb,1
\xea96eddf997b45e22dd7cdb0ee45744f53e33693,1
\xecd8c7abae05083c7bf368e022a311c24a11870f,1
\xee39e376a0fc6439e0e2fddf42e273b3aeee6a38,1
\xeee82b082c544e5d90da72a107c3b3306ee326ed,1
\xef6103de90208f3dface661eadb120cf8075f9d2,1
\xf5ba7ba31bb7c50140515a7ca204d675520064fa,1
\xf78f2bba5ea14419ff7cb5e68d192cd214ec049e,1
\xf8af045bdb3a3978afab4bea4730ca50faf5d1af,1
\xf9107317b0ff77ed5b7adea15e50514a3564002b,1
\xf981a33484e26cab32963aa37618c4440abf67cf,1
\xf998c7c1af3c58efa6900b13469fc187b9db0cab,1
\xfa705512ef3969ac03e4436b2d22152047e4391a,1
\xfc140d481f05cc2683e5fcb22ec3ff5d93ece715,1
\xfc51b44ae2bde7263ab14b56a5be1a7a6ce9e16e,1
